county,precinct,office,district,party,candidate,votes,absentee,early_voting,election_day,provisional,limited
Hunt,1,Registered Voters,,,,1825,,,,,
Hunt,1,Ballots Cast,,,,1111,,,,,
Hunt,1,President,,REP,Donald J. Trump JD Vance,841,24,693,124,0,0
Hunt,1,President,,DEM,Kamala D. Harris Tim Walz,254,17,199,38,0,0
Hunt,1,President,,LIB,Chase Oliver Mike ter Maat,4,0,3,1,0,0
Hunt,1,President,,GRN,Jill Stein Rudolph Ware,2,1,0,1,0,0
Hunt,1,President,,,Cheruda Fox/Harlan McVay,0,0,0,0,0,0
Hunt,1,President,,,Claudia De La Cruz/Karina Garcia,0,0,0,0,0,0
Hunt,1,President,,,Cornel West/Melina Abdullah,0,0,0,0,0,0
Hunt,1,President,,,Jessie Cuellar/Wesley Lasley,0,0,0,0,0,0
Hunt,1,President,,,Peter Sonski/Lauren Onak,0,0,0,0,0,0
Hunt,1,President,,,Shiva Ayyadurai/Crystal Ellis,0,0,0,0,0,0
Hunt,1,U.S. Senate,,REP,Ted Cruz,816,22,676,118,0,0
Hunt,1,U.S. Senate,,DEM,Colin Allred,267,18,206,43,0,0
Hunt,1,U.S. Senate,,LIB,Ted Brown,13,1,7,5,0,0
Hunt,1,U.S. Senate,,,Analisa Roche,0,0,0,0,0,0
Hunt,1,U.S. Senate,,,Tracy Andrus,0,0,0,0,0,0
Hunt,1,U.S. House,36,REP,Brian Babin,839,26,689,124,0,0
Hunt,1,U.S. House,36,DEM,Dayna Steele,243,15,191,37,0,0
Hunt,1,Railroad Commissioner,,REP,Christi Craddick,798,24,660,114,0,0
Hunt,1,Railroad Commissioner,,DEM,Katherine Culbert,236,11,195,30,0,0
Hunt,1,Railroad Commissioner,,LIB,Hawk Dunlap,33,3,22,8,0,0
Hunt,1,Railroad Commissioner,,GRN,Eddie Espinoza,6,0,2,4,0,0
Hunt,1,Railroad Commissioner,,,Richard McKibbin,0,0,0,0,0,0
Hunt,1,"Justice, Supreme Court, Place 2",2,REP,Jimmy Blacklock,827,25,679,123,0,0
Hunt,1,"Justice, Supreme Court, Place 2",2,DEM,DaSean Jones,250,13,201,36,0,0
Hunt,1,"Justice, Supreme Court, Place 4",4,REP,John Devine,817,23,671,123,0,0
Hunt,1,"Justice, Supreme Court, Place 4",4,DEM,Christine Vinh Weems,252,15,202,35,0,0
Hunt,1,"Justice, Supreme Court, Place 6",6,REP,Jane Bland,803,23,662,118,0,0
Hunt,1,"Justice, Supreme Court, Place 6",6,DEM,Bonnie Lee Goldstein,246,14,196,36,0,0
Hunt,1,"Justice, Supreme Court, Place 6",6,LIB,J. David Roberson,28,2,22,4,0,0
Hunt,1,"Presiding Judge, Court of Criminal Appeals",,REP,David J. Schenck,825,25,679,121,0,0
Hunt,1,"Presiding Judge, Court of Criminal Appeals",,DEM,Holly Taylor,247,14,196,37,0,0
Hunt,1,"Judge, Court of Criminal Appeals, Place 7",7,REP,Gina Parker,821,23,682,116,0,0
Hunt,1,"Judge, Court of Criminal Appeals, Place 7",7,DEM,Nancy Mulder,246,14,192,40,0,0
Hunt,1,"Judge, Court of Criminal Appeals, Place 8",8,REP,Lee Finley,835,25,684,126,0,0
Hunt,1,"Judge, Court of Criminal Appeals, Place 8",8,DEM,Chika Anyiam,235,14,188,33,0,0
Hunt,1,State Representative,18,REP,Janis Holt,816,22,675,119,0,0
Hunt,1,State Representative,18,LIB,Seth Steele,159,11,122,26,0,0
Hunt,1,"Justice, 9th Court of Appeals District, Place 3",3,REP,Leanne Johnson,873,27,718,128,0,0
Hunt,1,"Justice, 9th Court of Appeals District, Place 4",4,REP,Kent Chambers,863,25,711,127,0,0
Hunt,1,"District Judge, 88th Judicial District",,REP,Earl B. Stover III,880,29,721,130,0,0
Hunt,1,"District Judge, 356th Judicial District",,REP,Steve Thomas,881,31,722,128,0,0
Hunt,1,"District Attorney, 88th Judicial District",,REP,Rebecca R. Walton,894,29,734,131,0,0
Hunt,1,County Attorney,,REP,Matthew Minick,874,28,715,131,0,0
Hunt,1,Sheriff,,REP,Mark Davis,892,30,731,131,0,0
Hunt,1,County Tax Assessor-Collector,,REP,Steve Smith,873,27,714,132,0,0
Hunt,1,"County Commissioner, Precinct 3",3,REP,Amanda Young,871,28,717,126,0,0
Hunt,1,"Constable, Precinct 3",3,REP,"Robert ""Trey"" Brothers",875,29,718,128,0,0
Hunt,2,Registered Voters,,,,5115,,,,,
Hunt,2,Ballots Cast,,,,3171,,,,,
Hunt,2,President,,REP,Donald J. Trump JD Vance,2807,35,2346,426,0,0
Hunt,2,President,,DEM,Kamala D. Harris Tim Walz,336,19,247,70,0,0
Hunt,2,President,,LIB,Chase Oliver Mike ter Maat,13,0,6,7,0,0
Hunt,2,President,,GRN,Jill Stein Rudolph Ware,3,0,3,0,0,0
Hunt,2,President,,,Cheruda Fox/Harlan McVay,0,0,0,0,0,0
Hunt,2,President,,,Claudia De La Cruz/Karina Garcia,0,0,0,0,0,0
Hunt,2,President,,,Cornel West/Melina Abdullah,0,0,0,0,0,0
Hunt,2,President,,,Jessie Cuellar/Wesley Lasley,0,0,0,0,0,0
Hunt,2,President,,,Peter Sonski/Lauren Onak,0,0,0,0,0,0
Hunt,2,President,,,Shiva Ayyadurai/Crystal Ellis,0,0,0,0,0,0
Hunt,2,U.S. Senate,,REP,Ted Cruz,2718,37,2277,404,0,0
Hunt,2,U.S. Senate,,DEM,Colin Allred,365,17,273,75,0,0
Hunt,2,U.S. Senate,,LIB,Ted Brown,63,0,40,23,0,0
Hunt,2,U.S. Senate,,,Analisa Roche,0,0,0,0,0,0
Hunt,2,U.S. Senate,,,Tracy Andrus,0,0,0,0,0,0
Hunt,2,U.S. House,36,REP,Brian Babin,2805,37,2340,428,0,0
Hunt,2,U.S. House,36,DEM,Dayna Steele,319,17,232,70,0,0
Hunt,2,Railroad Commissioner,,REP,Christi Craddick,2673,36,2239,398,0,0
Hunt,2,Railroad Commissioner,,DEM,Katherine Culbert,294,16,222,56,0,0
Hunt,2,Railroad Commissioner,,LIB,Hawk Dunlap,105,0,75,30,0,0
Hunt,2,Railroad Commissioner,,GRN,Eddie Espinoza,11,0,9,2,0,0
Hunt,2,Railroad Commissioner,,,Richard McKibbin,0,0,0,0,0,0
Hunt,2,"Justice, Supreme Court, Place 2",2,REP,Jimmy Blacklock,2778,37,2320,421,0,0
Hunt,2,"Justice, Supreme Court, Place 2",2,DEM,DaSean Jones,315,15,235,65,0,0
Hunt,2,"Justice, Supreme Court, Place 4",4,REP,John Devine,2747,37,2300,410,0,0
Hunt,2,"Justice, Supreme Court, Place 4",4,DEM,Christine Vinh Weems,330,15,245,70,0,0
Hunt,2,"Justice, Supreme Court, Place 6",6,REP,Jane Bland,2713,37,2272,404,0,0
Hunt,2,"Justice, Supreme Court, Place 6",6,DEM,Bonnie Lee Goldstein,301,13,228,60,0,0
Hunt,2,"Justice, Supreme Court, Place 6",6,LIB,J. David Roberson,77,2,54,21,0,0
Hunt,2,"Presiding Judge, Court of Criminal Appeals",,REP,David J. Schenck,2756,36,2311,409,0,0
Hunt,2,"Presiding Judge, Court of Criminal Appeals",,DEM,Holly Taylor,329,16,238,75,0,0
Hunt,2,"Judge, Court of Criminal Appeals, Place 7",7,REP,Gina Parker,2771,37,2317,417,0,0
Hunt,2,"Judge, Court of Criminal Appeals, Place 7",7,DEM,Nancy Mulder,312,15,232,65,0,0
Hunt,2,"Judge, Court of Criminal Appeals, Place 8",8,REP,Lee Finley,2788,37,2331,420,0,0
Hunt,2,"Judge, Court of Criminal Appeals, Place 8",8,DEM,Chika Anyiam,294,15,216,63,0,0
Hunt,2,State Representative,18,REP,Janis Holt,2653,37,2214,402,0,0
Hunt,2,State Representative,18,LIB,Seth Steele,363,10,281,72,0,0
Hunt,2,"Justice, 9th Court of Appeals District, Place 3",3,REP,Leanne Johnson,2787,40,2311,436,0,0
Hunt,2,"Justice, 9th Court of Appeals District, Place 4",4,REP,Kent Chambers,2755,41,2287,427,0,0
Hunt,2,"District Judge, 88th Judicial District",,REP,Earl B. Stover III,2792,41,2315,436,0,0
Hunt,2,"District Judge, 356th Judicial District",,REP,Steve Thomas,2783,41,2310,432,0,0
Hunt,2,"District Attorney, 88th Judicial District",,REP,Rebecca R. Walton,2757,40,2291,426,0,0
Hunt,2,County Attorney,,REP,Matthew Minick,2781,41,2309,431,0,0
Hunt,2,Sheriff,,REP,Mark Davis,2800,42,2322,436,0,0
Hunt,2,County Tax Assessor-Collector,,REP,Steve Smith,2790,40,2317,433,0,0
Hunt,2,"Constable, Precinct 2",2,REP,Ben Hawthorne,2801,39,2329,433,0,0
Hunt,3 - WHCCISD,Registered Voters,,,,696,,,,,
Hunt,3 - WHCCISD,Ballots Cast,,,,469,,,,,
Hunt,3 - WHCCISD,President,,REP,Donald J. Trump JD Vance,437,8,245,184,0,0
Hunt,3 - WHCCISD,President,,DEM,Kamala D. Harris Tim Walz,29,0,13,16,0,0
Hunt,3 - WHCCISD,President,,LIB,Chase Oliver Mike ter Maat,2,0,1,1,0,0
Hunt,3 - WHCCISD,President,,GRN,Jill Stein Rudolph Ware,0,0,0,0,0,0
Hunt,3 - WHCCISD,President,,,Cheruda Fox/Harlan McVay,0,0,0,0,0,0
Hunt,3 - WHCCISD,President,,,Claudia De La Cruz/Karina Garcia,0,0,0,0,0,0
Hunt,3 - WHCCISD,President,,,Cornel West/Melina Abdullah,0,0,0,0,0,0
Hunt,3 - WHCCISD,President,,,Jessie Cuellar/Wesley Lasley,0,0,0,0,0,0
Hunt,3 - WHCCISD,President,,,Peter Sonski/Lauren Onak,0,0,0,0,0,0
Hunt,3 - WHCCISD,President,,,Shiva Ayyadurai/Crystal Ellis,0,0,0,0,0,0
Hunt,3 - WHCCISD,U.S. Senate,,REP,Ted Cruz,423,8,241,174,0,0
Hunt,3 - WHCCISD,U.S. Senate,,DEM,Colin Allred,35,0,15,20,0,0
Hunt,3 - WHCCISD,U.S. Senate,,LIB,Ted Brown,10,0,4,6,0,0
Hunt,3 - WHCCISD,U.S. Senate,,,Analisa Roche,0,0,0,0,0,0
Hunt,3 - WHCCISD,U.S. Senate,,,Tracy Andrus,0,0,0,0,0,0
Hunt,3 - WHCCISD,U.S. House,36,REP,Brian Babin,433,9,241,183,0,0
Hunt,3 - WHCCISD,U.S. House,36,DEM,Dayna Steele,31,0,14,17,0,0
Hunt,3 - WHCCISD,Railroad Commissioner,,REP,Christi Craddick,411,8,227,176,0,0
Hunt,3 - WHCCISD,Railroad Commissioner,,DEM,Katherine Culbert,28,0,16,12,0,0
Hunt,3 - WHCCISD,Railroad Commissioner,,LIB,Hawk Dunlap,20,1,10,9,0,0
Hunt,3 - WHCCISD,Railroad Commissioner,,GRN,Eddie Espinoza,2,0,2,0,0,0
Hunt,3 - WHCCISD,Railroad Commissioner,,,Richard McKibbin,0,0,0,0,0,0
Hunt,3 - WHCCISD,"Justice, Supreme Court, Place 2",2,REP,Jimmy Blacklock,428,9,239,180,0,0
Hunt,3 - WHCCISD,"Justice, Supreme Court, Place 2",2,DEM,DaSean Jones,32,0,15,17,0,0
Hunt,3 - WHCCISD,"Justice, Supreme Court, Place 4",4,REP,John Devine,421,9,236,176,0,0
Hunt,3 - WHCCISD,"Justice, Supreme Court, Place 4",4,DEM,Christine Vinh Weems,36,0,17,19,0,0
Hunt,3 - WHCCISD,"Justice, Supreme Court, Place 6",6,REP,Jane Bland,418,9,234,175,0,0
Hunt,3 - WHCCISD,"Justice, Supreme Court, Place 6",6,DEM,Bonnie Lee Goldstein,30,0,13,17,0,0
Hunt,3 - WHCCISD,"Justice, Supreme Court, Place 6",6,LIB,J. David Roberson,13,0,7,6,0,0
Hunt,3 - WHCCISD,"Presiding Judge, Court of Criminal Appeals",,REP,David J. Schenck,423,9,237,177,0,0
Hunt,3 - WHCCISD,"Presiding Judge, Court of Criminal Appeals",,DEM,Holly Taylor,35,0,15,20,0,0
Hunt,3 - WHCCISD,"Judge, Court of Criminal Appeals, Place 7",7,REP,Gina Parker,431,9,238,184,0,0
Hunt,3 - WHCCISD,"Judge, Court of Criminal Appeals, Place 7",7,DEM,Nancy Mulder,29,0,15,14,0,0
Hunt,3 - WHCCISD,"Judge, Court of Criminal Appeals, Place 8",8,REP,Lee Finley,433,9,240,184,0,0
Hunt,3 - WHCCISD,"Judge, Court of Criminal Appeals, Place 8",8,DEM,Chika Anyiam,25,0,13,12,0,0
Hunt,3 - WHCCISD,State Representative,18,REP,Janis Holt,415,7,232,176,0,0
Hunt,3 - WHCCISD,State Representative,18,LIB,Seth Steele,37,2,17,18,0,0
Hunt,3 - WHCCISD,"Justice, 9th Court of Appeals District, Place 3",3,REP,Leanne Johnson,427,9,238,180,0,0
Hunt,3 - WHCCISD,"Justice, 9th Court of Appeals District, Place 4",4,REP,Kent Chambers,422,9,234,179,0,0
Hunt,3 - WHCCISD,"District Judge, 88th Judicial District",,REP,Earl B. Stover III,427,9,238,180,0,0
Hunt,3 - WHCCISD,"District Judge, 356th Judicial District",,REP,Steve Thomas,428,9,239,180,0,0
Hunt,3 - WHCCISD,"District Attorney, 88th Judicial District",,REP,Rebecca R. Walton,422,9,234,179,0,0
Hunt,3 - WHCCISD,County Attorney,,REP,Matthew Minick,436,9,242,185,0,0
Hunt,3 - WHCCISD,Sheriff,,REP,Mark Davis,436,9,241,186,0,0
Hunt,3 - WHCCISD,County Tax Assessor-Collector,,REP,Steve Smith,425,9,236,180,0,0
Hunt,3 - WHCCISD,"County Commissioner, Precinct 3",3,REP,Amanda Young,425,7,241,177,0,0
Hunt,3 - WHCCISD,"Constable, Precinct 6",6,REP,Ross Jordan,435,9,244,182,0,0
Hunt,3 - WHCCISD,"Constable, Precinct 6",6,,West Hardin County Consolidated Independent School District School Board Position 1 - Vote for none or one,0,0,0,0,0,0
Hunt,3 - WHCCISD,"Constable, Precinct 6",6,,Morgan Smith,100,1,54,45,0,0
Hunt,3 - WHCCISD,"Constable, Precinct 6",6,,Jacob Cotten,301,6,161,134,0,0
Hunt,3 - WHCCISD,"Constable, Precinct 6",6,,West Hardin County Consolidated Independent School District School Board Position 2 - Vote for none or one,0,0,0,0,0,0
Hunt,3 - WHCCISD,"Constable, Precinct 6",6,,Heather Pilgreen Swindull,156,3,91,62,0,0
Hunt,3 - WHCCISD,"Constable, Precinct 6",6,,Michael Campbell,250,4,128,118,0,0
Hunt,3 - WHCCISD,"Constable, Precinct 6",6,,West Hardin County Consolidated Independent School District School Board Position 3 - Vote for none or one,0,0,0,0,0,0
Hunt,3 - WHCCISD,"Constable, Precinct 6",6,,Bobby Joe Love,139,1,72,66,0,0
Hunt,3 - WHCCISD,"Constable, Precinct 6",6,,Joel Alpers,164,1,86,77,0,0
Hunt,3 - WHCCISD,"Constable, Precinct 6",6,,Bryan Wilson,103,5,58,40,0,0
Hunt,4 - WHCCISD,Registered Voters,,,,952,,,,,
Hunt,4 - WHCCISD,Ballots Cast,,,,675,,,,,
Hunt,4 - WHCCISD,President,,REP,Donald J. Trump JD Vance,619,2,255,362,0,0
Hunt,4 - WHCCISD,President,,DEM,Kamala D. Harris Tim Walz,51,1,28,22,0,0
Hunt,4 - WHCCISD,President,,LIB,Chase Oliver Mike ter Maat,0,0,0,0,0,0
Hunt,4 - WHCCISD,President,,GRN,Jill Stein Rudolph Ware,2,0,0,2,0,0
Hunt,4 - WHCCISD,President,,,Cheruda Fox/Harlan McVay,0,0,0,0,0,0
Hunt,4 - WHCCISD,President,,,Claudia De La Cruz/Karina Garcia,0,0,0,0,0,0
Hunt,4 - WHCCISD,President,,,Cornel West/Melina Abdullah,0,0,0,0,0,0
Hunt,4 - WHCCISD,President,,,Jessie Cuellar/Wesley Lasley,0,0,0,0,0,0
Hunt,4 - WHCCISD,President,,,Peter Sonski/Lauren Onak,0,0,0,0,0,0
Hunt,4 - WHCCISD,President,,,Shiva Ayyadurai/Crystal Ellis,0,0,0,0,0,0
Hunt,4 - WHCCISD,U.S. Senate,,REP,Ted Cruz,596,2,246,348,0,0
Hunt,4 - WHCCISD,U.S. Senate,,DEM,Colin Allred,64,1,32,31,0,0
Hunt,4 - WHCCISD,U.S. Senate,,LIB,Ted Brown,10,0,6,4,0,0
Hunt,4 - WHCCISD,U.S. Senate,,,Analisa Roche,0,0,0,0,0,0
Hunt,4 - WHCCISD,U.S. Senate,,,Tracy Andrus,0,0,0,0,0,0
Hunt,4 - WHCCISD,U.S. House,36,REP,Brian Babin,618,3,256,359,0,0
Hunt,4 - WHCCISD,U.S. House,36,DEM,Dayna Steele,48,0,25,23,0,0
Hunt,4 - WHCCISD,Railroad Commissioner,,REP,Christi Craddick,591,3,243,345,0,0
Hunt,4 - WHCCISD,Railroad Commissioner,,DEM,Katherine Culbert,37,0,19,18,0,0
Hunt,4 - WHCCISD,Railroad Commissioner,,LIB,Hawk Dunlap,24,0,13,11,0,0
Hunt,4 - WHCCISD,Railroad Commissioner,,GRN,Eddie Espinoza,5,0,3,2,0,0
Hunt,4 - WHCCISD,Railroad Commissioner,,,Richard McKibbin,0,0,0,0,0,0
Hunt,4 - WHCCISD,"Justice, Supreme Court, Place 2",2,REP,Jimmy Blacklock,612,3,255,354,0,0
Hunt,4 - WHCCISD,"Justice, Supreme Court, Place 2",2,DEM,DaSean Jones,46,0,25,21,0,0
Hunt,4 - WHCCISD,"Justice, Supreme Court, Place 4",4,REP,John Devine,611,3,254,354,0,0
Hunt,4 - WHCCISD,"Justice, Supreme Court, Place 4",4,DEM,Christine Vinh Weems,44,0,22,22,0,0
Hunt,4 - WHCCISD,"Justice, Supreme Court, Place 6",6,REP,Jane Bland,605,3,246,356,0,0
Hunt,4 - WHCCISD,"Justice, Supreme Court, Place 6",6,DEM,Bonnie Lee Goldstein,43,0,26,17,0,0
Hunt,4 - WHCCISD,"Justice, Supreme Court, Place 6",6,LIB,J. David Roberson,10,0,7,3,0,0
Hunt,4 - WHCCISD,"Presiding Judge, Court of Criminal Appeals",,REP,David J. Schenck,613,3,254,356,0,0
Hunt,4 - WHCCISD,"Presiding Judge, Court of Criminal Appeals",,DEM,Holly Taylor,43,0,24,19,0,0
Hunt,4 - WHCCISD,"Judge, Court of Criminal Appeals, Place 7",7,REP,Gina Parker,615,3,254,358,0,0
Hunt,4 - WHCCISD,"Judge, Court of Criminal Appeals, Place 7",7,DEM,Nancy Mulder,44,0,25,19,0,0
Hunt,4 - WHCCISD,"Judge, Court of Criminal Appeals, Place 8",8,REP,Lee Finley,618,3,256,359,0,0
Hunt,4 - WHCCISD,"Judge, Court of Criminal Appeals, Place 8",8,DEM,Chika Anyiam,38,0,21,17,0,0
Hunt,4 - WHCCISD,State Representative,18,REP,Janis Holt,607,3,248,356,0,0
Hunt,4 - WHCCISD,State Representative,18,LIB,Seth Steele,42,0,25,17,0,0
Hunt,4 - WHCCISD,"Justice, 9th Court of Appeals District, Place 3",3,REP,Leanne Johnson,603,3,257,343,0,0
Hunt,4 - WHCCISD,"Justice, 9th Court of Appeals District, Place 4",4,REP,Kent Chambers,595,3,255,337,0,0
Hunt,4 - WHCCISD,"District Judge, 88th Judicial District",,REP,Earl B. Stover III,595,3,253,339,0,0
Hunt,4 - WHCCISD,"District Judge, 356th Judicial District",,REP,Steve Thomas,603,3,259,341,0,0
Hunt,4 - WHCCISD,"District Attorney, 88th Judicial District",,REP,Rebecca R. Walton,601,3,257,341,0,0
Hunt,4 - WHCCISD,County Attorney,,REP,Matthew Minick,597,3,255,339,0,0
Hunt,4 - WHCCISD,Sheriff,,REP,Mark Davis,602,3,258,341,0,0
Hunt,4 - WHCCISD,County Tax Assessor-Collector,,REP,Steve Smith,595,3,254,338,0,0
Hunt,4 - WHCCISD,"County Commissioner, Precinct 3",3,REP,Amanda Young,592,3,253,336,0,0
Hunt,4 - WHCCISD,"Constable, Precinct 6",6,REP,Ross Jordan,606,3,257,346,0,0
Hunt,4 - WHCCISD,"Constable, Precinct 6",6,,West Hardin County Consolidated Independent School District School Board Position 1 - Vote for none or one,0,0,0,0,0,0
Hunt,4 - WHCCISD,"Constable, Precinct 6",6,,Morgan Smith,144,0,61,83,0,0
Hunt,4 - WHCCISD,"Constable, Precinct 6",6,,Jacob Cotten,439,3,177,259,0,0
Hunt,4 - WHCCISD,"Constable, Precinct 6",6,,West Hardin County Consolidated Independent School District School Board Position 2 - Vote for none or one,0,0,0,0,0,0
Hunt,4 - WHCCISD,"Constable, Precinct 6",6,,Heather Pilgreen Swindull,316,2,128,186,0,0
Hunt,4 - WHCCISD,"Constable, Precinct 6",6,,Michael Campbell,282,1,116,165,0,0
Hunt,4 - WHCCISD,"Constable, Precinct 6",6,,West Hardin County Consolidated Independent School District School Board Position 3 - Vote for none or one,0,0,0,0,0,0
Hunt,4 - WHCCISD,"Constable, Precinct 6",6,,Bobby Joe Love,254,2,89,163,0,0
Hunt,4 - WHCCISD,"Constable, Precinct 6",6,,Joel Alpers,193,0,87,106,0,0
Hunt,4 - WHCCISD,"Constable, Precinct 6",6,,Bryan Wilson,138,1,58,79,0,0
Hunt,5 - WHCCISD,Registered Voters,,,,676,,,,,
Hunt,5 - WHCCISD,Ballots Cast,,,,462,,,,,
Hunt,5 - WHCCISD,President,,REP,Donald J. Trump JD Vance,434,3,224,207,0,0
Hunt,5 - WHCCISD,President,,DEM,Kamala D. Harris Tim Walz,27,2,12,13,0,0
Hunt,5 - WHCCISD,President,,LIB,Chase Oliver Mike ter Maat,0,0,0,0,0,0
Hunt,5 - WHCCISD,President,,GRN,Jill Stein Rudolph Ware,0,0,0,0,0,0
Hunt,5 - WHCCISD,President,,,Cheruda Fox/Harlan McVay,0,0,0,0,0,0
Hunt,5 - WHCCISD,President,,,Claudia De La Cruz/Karina Garcia,0,0,0,0,0,0
Hunt,5 - WHCCISD,President,,,Cornel West/Melina Abdullah,0,0,0,0,0,0
Hunt,5 - WHCCISD,President,,,Jessie Cuellar/Wesley Lasley,0,0,0,0,0,0
Hunt,5 - WHCCISD,President,,,Peter Sonski/Lauren Onak,0,0,0,0,0,0
Hunt,5 - WHCCISD,President,,,Shiva Ayyadurai/Crystal Ellis,0,0,0,0,0,0
Hunt,5 - WHCCISD,U.S. Senate,,REP,Ted Cruz,423,3,220,200,0,0
Hunt,5 - WHCCISD,U.S. Senate,,DEM,Colin Allred,30,2,13,15,0,0
Hunt,5 - WHCCISD,U.S. Senate,,LIB,Ted Brown,5,0,2,3,0,0
Hunt,5 - WHCCISD,U.S. Senate,,,Analisa Roche,0,0,0,0,0,0
Hunt,5 - WHCCISD,U.S. Senate,,,Tracy Andrus,0,0,0,0,0,0
Hunt,5 - WHCCISD,U.S. House,36,REP,Brian Babin,430,3,222,205,0,0
Hunt,5 - WHCCISD,U.S. House,36,DEM,Dayna Steele,26,2,12,12,0,0
Hunt,5 - WHCCISD,Railroad Commissioner,,REP,Christi Craddick,428,3,221,204,0,0
Hunt,5 - WHCCISD,Railroad Commissioner,,DEM,Katherine Culbert,20,2,9,9,0,0
Hunt,5 - WHCCISD,Railroad Commissioner,,LIB,Hawk Dunlap,6,0,3,3,0,0
Hunt,5 - WHCCISD,Railroad Commissioner,,GRN,Eddie Espinoza,0,0,0,0,0,0
Hunt,5 - WHCCISD,Railroad Commissioner,,,Richard McKibbin,0,0,0,0,0,0
Hunt,5 - WHCCISD,"Justice, Supreme Court, Place 2",2,REP,Jimmy Blacklock,429,3,220,206,0,0
Hunt,5 - WHCCISD,"Justice, Supreme Court, Place 2",2,DEM,DaSean Jones,23,2,11,10,0,0
Hunt,5 - WHCCISD,"Justice, Supreme Court, Place 4",4,REP,John Devine,428,3,222,203,0,0
Hunt,5 - WHCCISD,"Justice, Supreme Court, Place 4",4,DEM,Christine Vinh Weems,25,2,10,13,0,0
Hunt,5 - WHCCISD,"Justice, Supreme Court, Place 6",6,REP,Jane Bland,420,3,215,202,0,0
Hunt,5 - WHCCISD,"Justice, Supreme Court, Place 6",6,DEM,Bonnie Lee Goldstein,25,2,12,11,0,0
Hunt,5 - WHCCISD,"Justice, Supreme Court, Place 6",6,LIB,J. David Roberson,8,0,5,3,0,0
Hunt,5 - WHCCISD,"Presiding Judge, Court of Criminal Appeals",,REP,David J. Schenck,426,3,222,201,0,0
Hunt,5 - WHCCISD,"Presiding Judge, Court of Criminal Appeals",,DEM,Holly Taylor,26,2,10,14,0,0
Hunt,5 - WHCCISD,"Judge, Court of Criminal Appeals, Place 7",7,REP,Gina Parker,427,3,220,204,0,0
Hunt,5 - WHCCISD,"Judge, Court of Criminal Appeals, Place 7",7,DEM,Nancy Mulder,25,2,11,12,0,0
Hunt,5 - WHCCISD,"Judge, Court of Criminal Appeals, Place 8",8,REP,Lee Finley,429,3,221,205,0,0
Hunt,5 - WHCCISD,"Judge, Court of Criminal Appeals, Place 8",8,DEM,Chika Anyiam,22,2,10,10,0,0
Hunt,5 - WHCCISD,State Representative,18,REP,Janis Holt,429,3,220,206,0,0
Hunt,5 - WHCCISD,State Representative,18,LIB,Seth Steele,19,2,9,8,0,0
Hunt,5 - WHCCISD,"Justice, 9th Court of Appeals District, Place 3",3,REP,Leanne Johnson,411,3,215,193,0,0
Hunt,5 - WHCCISD,"Justice, 9th Court of Appeals District, Place 4",4,REP,Kent Chambers,404,2,211,191,0,0
Hunt,5 - WHCCISD,"District Judge, 88th Judicial District",,REP,Earl B. Stover III,413,3,216,194,0,0
Hunt,5 - WHCCISD,"District Judge, 356th Judicial District",,REP,Steve Thomas,409,3,213,193,0,0
Hunt,5 - WHCCISD,"District Attorney, 88th Judicial District",,REP,Rebecca R. Walton,413,3,218,192,0,0
Hunt,5 - WHCCISD,County Attorney,,REP,Matthew Minick,409,3,213,193,0,0
Hunt,5 - WHCCISD,Sheriff,,REP,Mark Davis,411,3,215,193,0,0
Hunt,5 - WHCCISD,County Tax Assessor-Collector,,REP,Steve Smith,411,3,212,196,0,0
Hunt,5 - WHCCISD,"County Commissioner, Precinct 3",3,REP,Amanda Young,398,4,208,186,0,0
Hunt,5 - WHCCISD,"Constable, Precinct 6",6,REP,Ross Jordan,407,4,210,193,0,0
Hunt,5 - WHCCISD,"Constable, Precinct 6",6,,West Hardin County Consolidated Independent School District School Board Position 1 - Vote for none or one,0,0,0,0,0,0
Hunt,5 - WHCCISD,"Constable, Precinct 6",6,,Morgan Smith,115,1,54,60,0,0
Hunt,5 - WHCCISD,"Constable, Precinct 6",6,,Jacob Cotten,284,2,146,136,0,0
Hunt,5 - WHCCISD,"Constable, Precinct 6",6,,West Hardin County Consolidated Independent School District School Board Position 2 - Vote for none or one,0,0,0,0,0,0
Hunt,5 - WHCCISD,"Constable, Precinct 6",6,,Heather Pilgreen Swindull,185,0,92,93,0,0
Hunt,5 - WHCCISD,"Constable, Precinct 6",6,,Michael Campbell,207,3,104,100,0,0
Hunt,5 - WHCCISD,"Constable, Precinct 6",6,,West Hardin County Consolidated Independent School District School Board Position 3 - Vote for none or one,0,0,0,0,0,0
Hunt,5 - WHCCISD,"Constable, Precinct 6",6,,Bobby Joe Love,214,0,99,115,0,0
Hunt,5 - WHCCISD,"Constable, Precinct 6",6,,Joel Alpers,93,0,54,39,0,0
Hunt,5 - WHCCISD,"Constable, Precinct 6",6,,Bryan Wilson,102,3,53,46,0,0
Hunt,6,Registered Voters,,,,5355,,,,,
Hunt,6,Ballots Cast,,,,3479,,,,,
Hunt,6,President,,REP,Donald J. Trump JD Vance,3089,42,2568,479,0,0
Hunt,6,President,,DEM,Kamala D. Harris Tim Walz,365,15,281,69,0,0
Hunt,6,President,,LIB,Chase Oliver Mike ter Maat,8,1,4,3,0,0
Hunt,6,President,,GRN,Jill Stein Rudolph Ware,2,0,1,1,0,0
Hunt,6,President,,,Cheruda Fox/Harlan McVay,0,0,0,0,0,0
Hunt,6,President,,,Claudia De La Cruz/Karina Garcia,0,0,0,0,0,0
Hunt,6,President,,,Cornel West/Melina Abdullah,0,0,0,0,0,0
Hunt,6,President,,,Jessie Cuellar/Wesley Lasley,0,0,0,0,0,0
Hunt,6,President,,,Peter Sonski/Lauren Onak,0,0,0,0,0,0
Hunt,6,President,,,Shiva Ayyadurai/Crystal Ellis,0,0,0,0,0,0
Hunt,6,U.S. Senate,,REP,Ted Cruz,3000,40,2506,454,0,0
Hunt,6,U.S. Senate,,DEM,Colin Allred,404,16,308,80,0,0
Hunt,6,U.S. Senate,,LIB,Ted Brown,52,1,34,17,0,0
Hunt,6,U.S. Senate,,,Analisa Roche,0,0,0,0,0,0
Hunt,6,U.S. Senate,,,Tracy Andrus,0,0,0,0,0,0
Hunt,6,U.S. House,36,REP,Brian Babin,3114,42,2589,483,0,0
Hunt,6,U.S. House,36,DEM,Dayna Steele,332,16,248,68,0,0
Hunt,6,Railroad Commissioner,,REP,Christi Craddick,2981,41,2488,452,0,0
Hunt,6,Railroad Commissioner,,DEM,Katherine Culbert,309,16,237,56,0,0
Hunt,6,Railroad Commissioner,,LIB,Hawk Dunlap,94,0,67,27,0,0
Hunt,6,Railroad Commissioner,,GRN,Eddie Espinoza,25,0,15,10,0,0
Hunt,6,Railroad Commissioner,,,Richard McKibbin,0,0,0,0,0,0
Hunt,6,"Justice, Supreme Court, Place 2",2,REP,Jimmy Blacklock,3081,42,2560,479,0,0
Hunt,6,"Justice, Supreme Court, Place 2",2,DEM,DaSean Jones,328,16,246,66,0,0
Hunt,6,"Justice, Supreme Court, Place 4",4,REP,John Devine,3033,42,2522,469,0,0
Hunt,6,"Justice, Supreme Court, Place 4",4,DEM,Christine Vinh Weems,356,16,269,71,0,0
Hunt,6,"Justice, Supreme Court, Place 6",6,REP,Jane Bland,2999,42,2505,452,0,0
Hunt,6,"Justice, Supreme Court, Place 6",6,DEM,Bonnie Lee Goldstein,330,16,247,67,0,0
Hunt,6,"Justice, Supreme Court, Place 6",6,LIB,J. David Roberson,78,0,53,25,0,0
Hunt,6,"Presiding Judge, Court of Criminal Appeals",,REP,David J. Schenck,3042,43,2532,467,0,0
Hunt,6,"Presiding Judge, Court of Criminal Appeals",,DEM,Holly Taylor,359,14,268,77,0,0
Hunt,6,"Judge, Court of Criminal Appeals, Place 7",7,REP,Gina Parker,3063,43,2543,477,0,0
Hunt,6,"Judge, Court of Criminal Appeals, Place 7",7,DEM,Nancy Mulder,338,14,258,66,0,0
Hunt,6,"Judge, Court of Criminal Appeals, Place 8",8,REP,Lee Finley,3082,44,2556,482,0,0
Hunt,6,"Judge, Court of Criminal Appeals, Place 8",8,DEM,Chika Anyiam,311,13,237,61,0,0
Hunt,6,State Representative,18,REP,Janis Holt,3046,42,2531,473,0,0
Hunt,6,State Representative,18,LIB,Seth Steele,304,10,224,70,0,0
Hunt,6,"Justice, 9th Court of Appeals District, Place 3",3,REP,Leanne Johnson,3162,48,2605,509,0,0
Hunt,6,"Justice, 9th Court of Appeals District, Place 4",4,REP,Kent Chambers,3122,47,2573,502,0,0
Hunt,6,"District Judge, 88th Judicial District",,REP,Earl B. Stover III,3105,49,2559,497,0,0
Hunt,6,"District Judge, 356th Judicial District",,REP,Steve Thomas,3141,49,2591,501,0,0
Hunt,6,"District Attorney, 88th Judicial District",,REP,Rebecca R. Walton,3109,48,2558,503,0,0
Hunt,6,County Attorney,,REP,Matthew Minick,3135,48,2583,504,0,0
Hunt,6,Sheriff,,REP,Mark Davis,3143,49,2584,510,0,0
Hunt,6,County Tax Assessor-Collector,,REP,Steve Smith,3129,50,2573,506,0,0
Hunt,6,"County Commissioner, Precinct 1",1,REP,L.W. (Nubbin) Cooper Jr,3115,49,2567,499,0,0
Hunt,6,"Constable, Precinct 3",3,REP,"Robert ""Trey"" Brothers",3126,50,2571,505,0,0
Hunt,6 - LMUD,Ballots Cast,,,,0,,,,,
Hunt,6 - LMUD,President,,REP,Donald J. Trump JD Vance,0,0,0,0,0,0
Hunt,6 - LMUD,President,,DEM,Kamala D. Harris Tim Walz,0,0,0,0,0,0
Hunt,6 - LMUD,President,,LIB,Chase Oliver Mike ter Maat,0,0,0,0,0,0
Hunt,6 - LMUD,President,,GRN,Jill Stein Rudolph Ware,0,0,0,0,0,0
Hunt,6 - LMUD,President,,,Cheruda Fox/Harlan McVay,0,0,0,0,0,0
Hunt,6 - LMUD,President,,,Claudia De La Cruz/Karina Garcia,0,0,0,0,0,0
Hunt,6 - LMUD,President,,,Cornel West/Melina Abdullah,0,0,0,0,0,0
Hunt,6 - LMUD,President,,,Jessie Cuellar/Wesley Lasley,0,0,0,0,0,0
Hunt,6 - LMUD,President,,,Peter Sonski/Lauren Onak,0,0,0,0,0,0
Hunt,6 - LMUD,President,,,Shiva Ayyadurai/Crystal Ellis,0,0,0,0,0,0
Hunt,6 - LMUD,U.S. Senate,,REP,Ted Cruz,0,0,0,0,0,0
Hunt,6 - LMUD,U.S. Senate,,DEM,Colin Allred,0,0,0,0,0,0
Hunt,6 - LMUD,U.S. Senate,,LIB,Ted Brown,0,0,0,0,0,0
Hunt,6 - LMUD,U.S. Senate,,,Analisa Roche,0,0,0,0,0,0
Hunt,6 - LMUD,U.S. Senate,,,Tracy Andrus,0,0,0,0,0,0
Hunt,6 - LMUD,U.S. House,36,REP,Brian Babin,0,0,0,0,0,0
Hunt,6 - LMUD,U.S. House,36,DEM,Dayna Steele,0,0,0,0,0,0
Hunt,6 - LMUD,Railroad Commissioner,,REP,Christi Craddick,0,0,0,0,0,0
Hunt,6 - LMUD,Railroad Commissioner,,DEM,Katherine Culbert,0,0,0,0,0,0
Hunt,6 - LMUD,Railroad Commissioner,,LIB,Hawk Dunlap,0,0,0,0,0,0
Hunt,6 - LMUD,Railroad Commissioner,,GRN,Eddie Espinoza,0,0,0,0,0,0
Hunt,6 - LMUD,Railroad Commissioner,,,Richard McKibbin,0,0,0,0,0,0
Hunt,6 - LMUD,"Justice, Supreme Court, Place 2",2,REP,Jimmy Blacklock,0,0,0,0,0,0
Hunt,6 - LMUD,"Justice, Supreme Court, Place 2",2,DEM,DaSean Jones,0,0,0,0,0,0
Hunt,6 - LMUD,"Justice, Supreme Court, Place 4",4,REP,John Devine,0,0,0,0,0,0
Hunt,6 - LMUD,"Justice, Supreme Court, Place 4",4,DEM,Christine Vinh Weems,0,0,0,0,0,0
Hunt,6 - LMUD,"Justice, Supreme Court, Place 6",6,REP,Jane Bland,0,0,0,0,0,0
Hunt,6 - LMUD,"Justice, Supreme Court, Place 6",6,DEM,Bonnie Lee Goldstein,0,0,0,0,0,0
Hunt,6 - LMUD,"Justice, Supreme Court, Place 6",6,LIB,J. David Roberson,0,0,0,0,0,0
Hunt,6 - LMUD,"Presiding Judge, Court of Criminal Appeals",,REP,David J. Schenck,0,0,0,0,0,0
Hunt,6 - LMUD,"Presiding Judge, Court of Criminal Appeals",,DEM,Holly Taylor,0,0,0,0,0,0
Hunt,6 - LMUD,"Judge, Court of Criminal Appeals, Place 7",7,REP,Gina Parker,0,0,0,0,0,0
Hunt,6 - LMUD,"Judge, Court of Criminal Appeals, Place 7",7,DEM,Nancy Mulder,0,0,0,0,0,0
Hunt,6 - LMUD,"Judge, Court of Criminal Appeals, Place 8",8,REP,Lee Finley,0,0,0,0,0,0
Hunt,6 - LMUD,"Judge, Court of Criminal Appeals, Place 8",8,DEM,Chika Anyiam,0,0,0,0,0,0
Hunt,6 - LMUD,State Representative,18,REP,Janis Holt,0,0,0,0,0,0
Hunt,6 - LMUD,State Representative,18,LIB,Seth Steele,0,0,0,0,0,0
Hunt,6 - LMUD,"Justice, 9th Court of Appeals District, Place 3",3,REP,Leanne Johnson,0,0,0,0,0,0
Hunt,6 - LMUD,"Justice, 9th Court of Appeals District, Place 4",4,REP,Kent Chambers,0,0,0,0,0,0
Hunt,6 - LMUD,"District Judge, 88th Judicial District",,REP,Earl B. Stover III,0,0,0,0,0,0
Hunt,6 - LMUD,"District Judge, 356th Judicial District",,REP,Steve Thomas,0,0,0,0,0,0
Hunt,6 - LMUD,"District Attorney, 88th Judicial District",,REP,Rebecca R. Walton,0,0,0,0,0,0
Hunt,6 - LMUD,County Attorney,,REP,Matthew Minick,0,0,0,0,0,0
Hunt,6 - LMUD,Sheriff,,REP,Mark Davis,0,0,0,0,0,0
Hunt,6 - LMUD,County Tax Assessor-Collector,,REP,Steve Smith,0,0,0,0,0,0
Hunt,6 - LMUD,"County Commissioner, Precinct 1",1,REP,L.W. (Nubbin) Cooper Jr,0,0,0,0,0,0
Hunt,6 - LMUD,"Constable, Precinct 3",3,REP,"Robert ""Trey"" Brothers",0,0,0,0,0,0
Hunt,6 - LMUD,LUMBERTON MUNICIPAL UTILITY DISTRICT PROPOSITION A,,,FOR,0,0,0,0,0,0
Hunt,6 - LMUD,LUMBERTON MUNICIPAL UTILITY DISTRICT PROPOSITION A,,,AGAINST,0,0,0,0,0,0
Hunt,6 - LMUD,LUMBERTON MUNICIPAL UTILITY DISTRICT PROPOSITION B,,,FOR,0,0,0,0,0,0
Hunt,6 - LMUD,LUMBERTON MUNICIPAL UTILITY DISTRICT PROPOSITION B,,,AGAINST,0,0,0,0,0,0
Hunt,7,Registered Voters,,,,893,,,,,
Hunt,7,Ballots Cast,,,,604,,,,,
Hunt,7,President,,REP,Donald J. Trump JD Vance,565,9,400,156,0,0
Hunt,7,President,,DEM,Kamala D. Harris Tim Walz,33,3,21,9,0,0
Hunt,7,President,,LIB,Chase Oliver Mike ter Maat,0,0,0,0,0,0
Hunt,7,President,,GRN,Jill Stein Rudolph Ware,0,0,0,0,0,0
Hunt,7,President,,,Cheruda Fox/Harlan McVay,0,0,0,0,0,0
Hunt,7,President,,,Claudia De La Cruz/Karina Garcia,0,0,0,0,0,0
Hunt,7,President,,,Cornel West/Melina Abdullah,0,0,0,0,0,0
Hunt,7,President,,,Jessie Cuellar/Wesley Lasley,0,0,0,0,0,0
Hunt,7,President,,,Peter Sonski/Lauren Onak,0,0,0,0,0,0
Hunt,7,President,,,Shiva Ayyadurai/Crystal Ellis,0,0,0,0,0,0
Hunt,7,U.S. Senate,,REP,Ted Cruz,558,9,396,153,0,0
Hunt,7,U.S. Senate,,DEM,Colin Allred,36,3,23,10,0,0
Hunt,7,U.S. Senate,,LIB,Ted Brown,7,0,6,1,0,0
Hunt,7,U.S. Senate,,,Analisa Roche,0,0,0,0,0,0
Hunt,7,U.S. Senate,,,Tracy Andrus,0,0,0,0,0,0
Hunt,7,U.S. House,36,REP,Brian Babin,568,9,405,154,0,0
Hunt,7,U.S. House,36,DEM,Dayna Steele,30,3,17,10,0,0
Hunt,7,Railroad Commissioner,,REP,Christi Craddick,542,9,392,141,0,0
Hunt,7,Railroad Commissioner,,DEM,Katherine Culbert,24,3,13,8,0,0
Hunt,7,Railroad Commissioner,,LIB,Hawk Dunlap,20,0,15,5,0,0
Hunt,7,Railroad Commissioner,,GRN,Eddie Espinoza,2,0,1,1,0,0
Hunt,7,Railroad Commissioner,,,Richard McKibbin,0,0,0,0,0,0
Hunt,7,"Justice, Supreme Court, Place 2",2,REP,Jimmy Blacklock,557,9,404,144,0,0
Hunt,7,"Justice, Supreme Court, Place 2",2,DEM,DaSean Jones,27,3,16,8,0,0
Hunt,7,"Justice, Supreme Court, Place 4",4,REP,John Devine,559,9,405,145,0,0
Hunt,7,"Justice, Supreme Court, Place 4",4,DEM,Christine Vinh Weems,28,3,16,9,0,0
Hunt,7,"Justice, Supreme Court, Place 6",6,REP,Jane Bland,543,9,393,141,0,0
Hunt,7,"Justice, Supreme Court, Place 6",6,DEM,Bonnie Lee Goldstein,30,3,17,10,0,0
Hunt,7,"Justice, Supreme Court, Place 6",6,LIB,J. David Roberson,15,0,11,4,0,0
Hunt,7,"Presiding Judge, Court of Criminal Appeals",,REP,David J. Schenck,559,9,405,145,0,0
Hunt,7,"Presiding Judge, Court of Criminal Appeals",,DEM,Holly Taylor,30,3,17,10,0,0
Hunt,7,"Judge, Court of Criminal Appeals, Place 7",7,REP,Gina Parker,563,9,409,145,0,0
Hunt,7,"Judge, Court of Criminal Appeals, Place 7",7,DEM,Nancy Mulder,27,3,14,10,0,0
Hunt,7,"Judge, Court of Criminal Appeals, Place 8",8,REP,Lee Finley,564,9,407,148,0,0
Hunt,7,"Judge, Court of Criminal Appeals, Place 8",8,DEM,Chika Anyiam,24,3,14,7,0,0
Hunt,7,State Representative,18,REP,Janis Holt,560,9,399,152,0,0
Hunt,7,State Representative,18,LIB,Seth Steele,25,0,21,4,0,0
Hunt,7,"Justice, 9th Court of Appeals District, Place 3",3,REP,Leanne Johnson,557,9,403,145,0,0
Hunt,7,"Justice, 9th Court of Appeals District, Place 4",4,REP,Kent Chambers,549,9,403,137,0,0
Hunt,7,"District Judge, 88th Judicial District",,REP,Earl B. Stover III,552,9,402,141,0,0
Hunt,7,"District Judge, 356th Judicial District",,REP,Steve Thomas,556,9,403,144,0,0
Hunt,7,"District Attorney, 88th Judicial District",,REP,Rebecca R. Walton,549,8,397,144,0,0
Hunt,7,County Attorney,,REP,Matthew Minick,549,9,400,140,0,0
Hunt,7,Sheriff,,REP,Mark Davis,548,10,400,138,0,0
Hunt,7,County Tax Assessor-Collector,,REP,Steve Smith,551,9,402,140,0,0
Hunt,7,"Constable, Precinct 3",3,REP,"Robert ""Trey"" Brothers",540,9,396,135,0,0
Hunt,8,Registered Voters,,,,712,,,,,
Hunt,8,Ballots Cast,,,,191,,,,,
Hunt,8,President,,REP,Donald J. Trump JD Vance,182,2,126,54,0,0
Hunt,8,President,,DEM,Kamala D. Harris Tim Walz,9,1,7,1,0,0
Hunt,8,President,,LIB,Chase Oliver Mike ter Maat,0,0,0,0,0,0
Hunt,8,President,,GRN,Jill Stein Rudolph Ware,0,0,0,0,0,0
Hunt,8,President,,,Cheruda Fox/Harlan McVay,0,0,0,0,0,0
Hunt,8,President,,,Claudia De La Cruz/Karina Garcia,0,0,0,0,0,0
Hunt,8,President,,,Cornel West/Melina Abdullah,0,0,0,0,0,0
Hunt,8,President,,,Jessie Cuellar/Wesley Lasley,0,0,0,0,0,0
Hunt,8,President,,,Peter Sonski/Lauren Onak,0,0,0,0,0,0
Hunt,8,President,,,Shiva Ayyadurai/Crystal Ellis,0,0,0,0,0,0
Hunt,8,U.S. Senate,,REP,Ted Cruz,179,1,125,53,0,0
Hunt,8,U.S. Senate,,DEM,Colin Allred,11,2,7,2,0,0
Hunt,8,U.S. Senate,,LIB,Ted Brown,0,0,0,0,0,0
Hunt,8,U.S. Senate,,,Analisa Roche,0,0,0,0,0,0
Hunt,8,U.S. Senate,,,Tracy Andrus,0,0,0,0,0,0
Hunt,8,U.S. House,36,REP,Brian Babin,180,2,124,54,0,0
Hunt,8,U.S. House,36,DEM,Dayna Steele,10,1,8,1,0,0
Hunt,8,Railroad Commissioner,,REP,Christi Craddick,173,1,121,51,0,0
Hunt,8,Railroad Commissioner,,DEM,Katherine Culbert,10,1,8,1,0,0
Hunt,8,Railroad Commissioner,,LIB,Hawk Dunlap,6,0,3,3,0,0
Hunt,8,Railroad Commissioner,,GRN,Eddie Espinoza,0,0,0,0,0,0
Hunt,8,Railroad Commissioner,,,Richard McKibbin,0,0,0,0,0,0
Hunt,8,"Justice, Supreme Court, Place 2",2,REP,Jimmy Blacklock,180,2,124,54,0,0
Hunt,8,"Justice, Supreme Court, Place 2",2,DEM,DaSean Jones,10,1,8,1,0,0
Hunt,8,"Justice, Supreme Court, Place 4",4,REP,John Devine,178,2,123,53,0,0
Hunt,8,"Justice, Supreme Court, Place 4",4,DEM,Christine Vinh Weems,10,1,8,1,0,0
Hunt,8,"Justice, Supreme Court, Place 6",6,REP,Jane Bland,175,1,123,51,0,0
Hunt,8,"Justice, Supreme Court, Place 6",6,DEM,Bonnie Lee Goldstein,10,1,8,1,0,0
Hunt,8,"Justice, Supreme Court, Place 6",6,LIB,J. David Roberson,5,0,2,3,0,0
Hunt,8,"Presiding Judge, Court of Criminal Appeals",,REP,David J. Schenck,180,2,124,54,0,0
Hunt,8,"Presiding Judge, Court of Criminal Appeals",,DEM,Holly Taylor,10,1,8,1,0,0
Hunt,8,"Judge, Court of Criminal Appeals, Place 7",7,REP,Gina Parker,180,1,125,54,0,0
Hunt,8,"Judge, Court of Criminal Appeals, Place 7",7,DEM,Nancy Mulder,9,1,7,1,0,0
Hunt,8,"Judge, Court of Criminal Appeals, Place 8",8,REP,Lee Finley,181,1,126,54,0,0
Hunt,8,"Judge, Court of Criminal Appeals, Place 8",8,DEM,Chika Anyiam,8,1,6,1,0,0
Hunt,8,State Representative,18,REP,Janis Holt,169,3,116,50,0,0
Hunt,8,State Representative,18,LIB,Seth Steele,14,0,10,4,0,0
Hunt,8,"Justice, 9th Court of Appeals District, Place 3",3,REP,Leanne Johnson,175,2,122,51,0,0
Hunt,8,"Justice, 9th Court of Appeals District, Place 4",4,REP,Kent Chambers,171,2,120,49,0,0
Hunt,8,"District Judge, 88th Judicial District",,REP,Earl B. Stover III,172,2,120,50,0,0
Hunt,8,"District Judge, 356th Judicial District",,REP,Steve Thomas,171,2,121,48,0,0
Hunt,8,"District Attorney, 88th Judicial District",,REP,Rebecca R. Walton,171,2,120,49,0,0
Hunt,8,County Attorney,,REP,Matthew Minick,174,2,122,50,0,0
Hunt,8,Sheriff,,REP,Mark Davis,175,2,125,48,0,0
Hunt,8,County Tax Assessor-Collector,,REP,Steve Smith,174,2,122,50,0,0
Hunt,8,"Constable, Precinct 3",3,REP,"Robert ""Trey"" Brothers",171,2,120,49,0,0
Hunt,8 - ESD8,Registered Voters,,,,181,,,,,
Hunt,8 - ESD8,Ballots Cast,,,,489,,,,,
Hunt,8 - ESD8,President,,REP,Donald J. Trump JD Vance,444,11,305,128,0,0
Hunt,8 - ESD8,President,,DEM,Kamala D. Harris Tim Walz,44,0,41,3,0,0
Hunt,8 - ESD8,President,,LIB,Chase Oliver Mike ter Maat,0,0,0,0,0,0
Hunt,8 - ESD8,President,,GRN,Jill Stein Rudolph Ware,0,0,0,0,0,0
Hunt,8 - ESD8,President,,,Cheruda Fox/Harlan McVay,0,0,0,0,0,0
Hunt,8 - ESD8,President,,,Claudia De La Cruz/Karina Garcia,0,0,0,0,0,0
Hunt,8 - ESD8,President,,,Cornel West/Melina Abdullah,0,0,0,0,0,0
Hunt,8 - ESD8,President,,,Jessie Cuellar/Wesley Lasley,0,0,0,0,0,0
Hunt,8 - ESD8,President,,,Peter Sonski/Lauren Onak,0,0,0,0,0,0
Hunt,8 - ESD8,President,,,Shiva Ayyadurai/Crystal Ellis,0,0,0,0,0,0
Hunt,8 - ESD8,U.S. Senate,,REP,Ted Cruz,435,11,302,122,0,0
Hunt,8 - ESD8,U.S. Senate,,DEM,Colin Allred,48,0,42,6,0,0
Hunt,8 - ESD8,U.S. Senate,,LIB,Ted Brown,3,0,1,2,0,0
Hunt,8 - ESD8,U.S. Senate,,,Analisa Roche,0,0,0,0,0,0
Hunt,8 - ESD8,U.S. Senate,,,Tracy Andrus,0,0,0,0,0,0
Hunt,8 - ESD8,U.S. House,36,REP,Brian Babin,443,11,305,127,0,0
Hunt,8 - ESD8,U.S. House,36,DEM,Dayna Steele,39,0,36,3,0,0
Hunt,8 - ESD8,Railroad Commissioner,,REP,Christi Craddick,427,11,296,120,0,0
Hunt,8 - ESD8,Railroad Commissioner,,DEM,Katherine Culbert,40,0,36,4,0,0
Hunt,8 - ESD8,Railroad Commissioner,,LIB,Hawk Dunlap,9,0,5,4,0,0
Hunt,8 - ESD8,Railroad Commissioner,,GRN,Eddie Espinoza,1,0,1,0,0,0
Hunt,8 - ESD8,Railroad Commissioner,,,Richard McKibbin,0,0,0,0,0,0
Hunt,8 - ESD8,"Justice, Supreme Court, Place 2",2,REP,Jimmy Blacklock,433,11,299,123,0,0
Hunt,8 - ESD8,"Justice, Supreme Court, Place 2",2,DEM,DaSean Jones,41,0,38,3,0,0
Hunt,8 - ESD8,"Justice, Supreme Court, Place 4",4,REP,John Devine,431,11,297,123,0,0
Hunt,8 - ESD8,"Justice, Supreme Court, Place 4",4,DEM,Christine Vinh Weems,42,0,39,3,0,0
Hunt,8 - ESD8,"Justice, Supreme Court, Place 6",6,REP,Jane Bland,430,11,299,120,0,0
Hunt,8 - ESD8,"Justice, Supreme Court, Place 6",6,DEM,Bonnie Lee Goldstein,41,0,37,4,0,0
Hunt,8 - ESD8,"Justice, Supreme Court, Place 6",6,LIB,J. David Roberson,4,0,2,2,0,0
Hunt,8 - ESD8,"Presiding Judge, Court of Criminal Appeals",,REP,David J. Schenck,433,11,300,122,0,0
Hunt,8 - ESD8,"Presiding Judge, Court of Criminal Appeals",,DEM,Holly Taylor,42,0,38,4,0,0
Hunt,8 - ESD8,"Judge, Court of Criminal Appeals, Place 7",7,REP,Gina Parker,432,11,300,121,0,0
Hunt,8 - ESD8,"Judge, Court of Criminal Appeals, Place 7",7,DEM,Nancy Mulder,42,0,38,4,0,0
Hunt,8 - ESD8,"Judge, Court of Criminal Appeals, Place 8",8,REP,Lee Finley,435,11,302,122,0,0
Hunt,8 - ESD8,"Judge, Court of Criminal Appeals, Place 8",8,DEM,Chika Anyiam,39,0,35,4,0,0
Hunt,8 - ESD8,State Representative,18,REP,Janis Holt,432,11,301,120,0,0
Hunt,8 - ESD8,State Representative,18,LIB,Seth Steele,38,0,33,5,0,0
Hunt,8 - ESD8,"Justice, 9th Court of Appeals District, Place 3",3,REP,Leanne Johnson,434,11,301,122,0,0
Hunt,8 - ESD8,"Justice, 9th Court of Appeals District, Place 4",4,REP,Kent Chambers,430,11,300,119,0,0
Hunt,8 - ESD8,"District Judge, 88th Judicial District",,REP,Earl B. Stover III,427,11,298,118,0,0
Hunt,8 - ESD8,"District Judge, 356th Judicial District",,REP,Steve Thomas,431,11,301,119,0,0
Hunt,8 - ESD8,"District Attorney, 88th Judicial District",,REP,Rebecca R. Walton,426,11,295,120,0,0
Hunt,8 - ESD8,County Attorney,,REP,Matthew Minick,433,11,301,121,0,0
Hunt,8 - ESD8,Sheriff,,REP,Mark Davis,431,11,301,119,0,0
Hunt,8 - ESD8,County Tax Assessor-Collector,,REP,Steve Smith,431,11,298,122,0,0
Hunt,8 - ESD8,"Constable, Precinct 3",3,REP,"Robert ""Trey"" Brothers",430,11,301,118,0,0
Hunt,8 - ESD8,VILLAGE MILLS EMERGENCY SERVICES DISTRICT NO. 8 PROPOSITION A,8,,FOR,297,7,211,79,0,0
Hunt,8 - ESD8,VILLAGE MILLS EMERGENCY SERVICES DISTRICT NO. 8 PROPOSITION A,8,,AGAINST,161,3,118,40,0,0
Hunt,9,Registered Voters,,,,2875,,,,,
Hunt,9,Ballots Cast,,,,1770,,,,,
Hunt,9,President,,REP,Donald J. Trump JD Vance,1443,23,1197,223,0,0
Hunt,9,President,,DEM,Kamala D. Harris Tim Walz,306,15,226,65,0,0
Hunt,9,President,,LIB,Chase Oliver Mike ter Maat,7,1,5,1,0,0
Hunt,9,President,,GRN,Jill Stein Rudolph Ware,4,0,1,3,0,0
Hunt,9,President,,,Cheruda Fox/Harlan McVay,0,0,0,0,0,0
Hunt,9,President,,,Claudia De La Cruz/Karina Garcia,0,0,0,0,0,0
Hunt,9,President,,,Cornel West/Melina Abdullah,0,0,0,0,0,0
Hunt,9,President,,,Jessie Cuellar/Wesley Lasley,0,0,0,0,0,0
Hunt,9,President,,,Peter Sonski/Lauren Onak,0,0,0,0,0,0
Hunt,9,President,,,Shiva Ayyadurai/Crystal Ellis,0,0,0,0,0,0
Hunt,9,U.S. Senate,,REP,Ted Cruz,1399,20,1170,209,0,0
Hunt,9,U.S. Senate,,DEM,Colin Allred,321,17,234,70,0,0
Hunt,9,U.S. Senate,,LIB,Ted Brown,39,2,23,14,0,0
Hunt,9,U.S. Senate,,,Analisa Roche,0,0,0,0,0,0
Hunt,9,U.S. Senate,,,Tracy Andrus,0,0,0,0,0,0
Hunt,9,U.S. House,36,REP,Brian Babin,1455,23,1206,226,0,0
Hunt,9,U.S. House,36,DEM,Dayna Steele,293,15,214,64,0,0
Hunt,9,Railroad Commissioner,,REP,Christi Craddick,1380,20,1154,206,0,0
Hunt,9,Railroad Commissioner,,DEM,Katherine Culbert,283,13,211,59,0,0
Hunt,9,Railroad Commissioner,,LIB,Hawk Dunlap,48,4,30,14,0,0
Hunt,9,Railroad Commissioner,,GRN,Eddie Espinoza,12,0,7,5,0,0
Hunt,9,Railroad Commissioner,,,Richard McKibbin,0,0,0,0,0,0
Hunt,9,"Justice, Supreme Court, Place 2",2,REP,Jimmy Blacklock,1438,24,1191,223,0,0
Hunt,9,"Justice, Supreme Court, Place 2",2,DEM,DaSean Jones,286,13,212,61,0,0
Hunt,9,"Justice, Supreme Court, Place 4",4,REP,John Devine,1405,23,1170,212,0,0
Hunt,9,"Justice, Supreme Court, Place 4",4,DEM,Christine Vinh Weems,307,14,226,67,0,0
Hunt,9,"Justice, Supreme Court, Place 6",6,REP,Jane Bland,1401,22,1164,215,0,0
Hunt,9,"Justice, Supreme Court, Place 6",6,DEM,Bonnie Lee Goldstein,291,13,217,61,0,0
Hunt,9,"Justice, Supreme Court, Place 6",6,LIB,J. David Roberson,37,2,26,9,0,0
Hunt,9,"Presiding Judge, Court of Criminal Appeals",,REP,David J. Schenck,1426,23,1182,221,0,0
Hunt,9,"Presiding Judge, Court of Criminal Appeals",,DEM,Holly Taylor,298,13,223,62,0,0
Hunt,9,"Judge, Court of Criminal Appeals, Place 7",7,REP,Gina Parker,1433,23,1189,221,0,0
Hunt,9,"Judge, Court of Criminal Appeals, Place 7",7,DEM,Nancy Mulder,290,13,217,60,0,0
Hunt,9,"Judge, Court of Criminal Appeals, Place 8",8,REP,Lee Finley,1433,22,1190,221,0,0
Hunt,9,"Judge, Court of Criminal Appeals, Place 8",8,DEM,Chika Anyiam,290,14,215,61,0,0
Hunt,9,State Representative,18,REP,Janis Holt,1405,22,1158,225,0,0
Hunt,9,State Representative,18,LIB,Seth Steele,256,11,198,47,0,0
Hunt,9,"Justice, 9th Court of Appeals District, Place 3",3,REP,Leanne Johnson,1489,24,1226,239,0,0
Hunt,9,"Justice, 9th Court of Appeals District, Place 4",4,REP,Kent Chambers,1485,24,1220,241,0,0
Hunt,9,"District Judge, 88th Judicial District",,REP,Earl B. Stover III,1507,26,1234,247,0,0
Hunt,9,"District Judge, 356th Judicial District",,REP,Steve Thomas,1502,24,1235,243,0,0
Hunt,9,"District Attorney, 88th Judicial District",,REP,Rebecca R. Walton,1496,24,1232,240,0,0
Hunt,9,County Attorney,,REP,Matthew Minick,1485,23,1223,239,0,0
Hunt,9,Sheriff,,REP,Mark Davis,1527,29,1248,250,0,0
Hunt,9,County Tax Assessor-Collector,,REP,Steve Smith,1497,26,1230,241,0,0
Hunt,9,"County Commissioner, Precinct 1",1,REP,L.W. (Nubbin) Cooper Jr,1505,25,1238,242,0,0
Hunt,9,"Constable, Precinct 1",1,REP,Kenny Davenport,1539,24,1264,251,0,0
Hunt,10,Registered Voters,,,,1979,,,,,
Hunt,10,Ballots Cast,,,,937,,,,,
Hunt,10,President,,REP,Donald J. Trump JD Vance,493,12,376,105,0,0
Hunt,10,President,,DEM,Kamala D. Harris Tim Walz,434,12,331,91,0,0
Hunt,10,President,,LIB,Chase Oliver Mike ter Maat,4,0,2,2,0,0
Hunt,10,President,,GRN,Jill Stein Rudolph Ware,1,0,1,0,0,0
Hunt,10,President,,,Cheruda Fox/Harlan McVay,0,0,0,0,0,0
Hunt,10,President,,,Claudia De La Cruz/Karina Garcia,0,0,0,0,0,0
Hunt,10,President,,,Cornel West/Melina Abdullah,0,0,0,0,0,0
Hunt,10,President,,,Jessie Cuellar/Wesley Lasley,0,0,0,0,0,0
Hunt,10,President,,,Peter Sonski/Lauren Onak,0,0,0,0,0,0
Hunt,10,President,,,Shiva Ayyadurai/Crystal Ellis,0,0,0,0,0,0
Hunt,10,U.S. Senate,,REP,Ted Cruz,473,11,364,98,0,0
Hunt,10,U.S. Senate,,DEM,Colin Allred,427,12,327,88,0,0
Hunt,10,U.S. Senate,,LIB,Ted Brown,20,1,12,7,0,0
Hunt,10,U.S. Senate,,,Analisa Roche,0,0,0,0,0,0
Hunt,10,U.S. Senate,,,Tracy Andrus,0,0,0,0,0,0
Hunt,10,U.S. House,36,REP,Brian Babin,482,12,370,100,0,0
Hunt,10,U.S. House,36,DEM,Dayna Steele,415,12,311,92,0,0
Hunt,10,Railroad Commissioner,,REP,Christi Craddick,474,13,367,94,0,0
Hunt,10,Railroad Commissioner,,DEM,Katherine Culbert,407,10,312,85,0,0
Hunt,10,Railroad Commissioner,,LIB,Hawk Dunlap,19,1,9,9,0,0
Hunt,10,Railroad Commissioner,,GRN,Eddie Espinoza,11,0,8,3,0,0
Hunt,10,Railroad Commissioner,,,Richard McKibbin,0,0,0,0,0,0
Hunt,10,"Justice, Supreme Court, Place 2",2,REP,Jimmy Blacklock,484,11,374,99,0,0
Hunt,10,"Justice, Supreme Court, Place 2",2,DEM,DaSean Jones,424,12,320,92,0,0
Hunt,10,"Justice, Supreme Court, Place 4",4,REP,John Devine,481,11,374,96,0,0
Hunt,10,"Justice, Supreme Court, Place 4",4,DEM,Christine Vinh Weems,420,12,315,93,0,0
Hunt,10,"Justice, Supreme Court, Place 6",6,REP,Jane Bland,468,11,364,93,0,0
Hunt,10,"Justice, Supreme Court, Place 6",6,DEM,Bonnie Lee Goldstein,410,12,313,85,0,0
Hunt,10,"Justice, Supreme Court, Place 6",6,LIB,J. David Roberson,30,0,18,12,0,0
Hunt,10,"Presiding Judge, Court of Criminal Appeals",,REP,David J. Schenck,477,11,371,95,0,0
Hunt,10,"Presiding Judge, Court of Criminal Appeals",,DEM,Holly Taylor,428,12,321,95,0,0
Hunt,10,"Judge, Court of Criminal Appeals, Place 7",7,REP,Gina Parker,484,11,375,98,0,0
Hunt,10,"Judge, Court of Criminal Appeals, Place 7",7,DEM,Nancy Mulder,420,12,317,91,0,0
Hunt,10,"Judge, Court of Criminal Appeals, Place 8",8,REP,Lee Finley,481,11,372,98,0,0
Hunt,10,"Judge, Court of Criminal Appeals, Place 8",8,DEM,Chika Anyiam,420,12,320,88,0,0
Hunt,10,State Representative,18,REP,Janis Holt,525,13,401,111,0,0
Hunt,10,State Representative,18,LIB,Seth Steele,215,3,158,54,0,0
Hunt,10,"Justice, 9th Court of Appeals District, Place 3",3,REP,Leanne Johnson,626,12,480,134,0,0
Hunt,10,"Justice, 9th Court of Appeals District, Place 4",4,REP,Kent Chambers,615,12,471,132,0,0
Hunt,10,"District Judge, 88th Judicial District",,REP,Earl B. Stover III,652,14,501,137,0,0
Hunt,10,"District Judge, 356th Judicial District",,REP,Steve Thomas,636,12,488,136,0,0
Hunt,10,"District Attorney, 88th Judicial District",,REP,Rebecca R. Walton,628,12,482,134,0,0
Hunt,10,County Attorney,,REP,Matthew Minick,616,11,472,133,0,0
Hunt,10,Sheriff,,REP,Mark Davis,662,14,508,140,0,0
Hunt,10,County Tax Assessor-Collector,,REP,Steve Smith,631,12,485,134,0,0
Hunt,10,"County Commissioner, Precinct 1",1,REP,L.W. (Nubbin) Cooper Jr,638,12,493,133,0,0
Hunt,10,"Constable, Precinct 1",1,REP,Kenny Davenport,663,13,512,138,0,0
Hunt,11,Registered Voters,,,,1832,,,,,
Hunt,11,Ballots Cast,,,,1164,,,,,
Hunt,11,President,,REP,Donald J. Trump JD Vance,1050,9,780,261,0,0
Hunt,11,President,,DEM,Kamala D. Harris Tim Walz,108,4,76,28,0,0
Hunt,11,President,,LIB,Chase Oliver Mike ter Maat,2,0,1,1,0,0
Hunt,11,President,,GRN,Jill Stein Rudolph Ware,1,0,1,0,0,0
Hunt,11,President,,,Cheruda Fox/Harlan McVay,0,0,0,0,0,0
Hunt,11,President,,,Claudia De La Cruz/Karina Garcia,0,0,0,0,0,0
Hunt,11,President,,,Cornel West/Melina Abdullah,0,0,0,0,0,0
Hunt,11,President,,,Jessie Cuellar/Wesley Lasley,0,0,0,0,0,0
Hunt,11,President,,,Peter Sonski/Lauren Onak,0,0,0,0,0,0
Hunt,11,President,,,Shiva Ayyadurai/Crystal Ellis,0,0,0,0,0,0
Hunt,11,U.S. Senate,,REP,Ted Cruz,1013,9,756,248,0,0
Hunt,11,U.S. Senate,,DEM,Colin Allred,118,4,85,29,0,0
Hunt,11,U.S. Senate,,LIB,Ted Brown,24,0,12,12,0,0
Hunt,11,U.S. Senate,,,Analisa Roche,0,0,0,0,0,0
Hunt,11,U.S. Senate,,,Tracy Andrus,0,0,0,0,0,0
Hunt,11,U.S. House,36,REP,Brian Babin,1055,9,779,267,0,0
Hunt,11,U.S. House,36,DEM,Dayna Steele,100,4,74,22,0,0
Hunt,11,Railroad Commissioner,,REP,Christi Craddick,998,9,741,248,0,0
Hunt,11,Railroad Commissioner,,DEM,Katherine Culbert,100,4,75,21,0,0
Hunt,11,Railroad Commissioner,,LIB,Hawk Dunlap,43,0,29,14,0,0
Hunt,11,Railroad Commissioner,,GRN,Eddie Espinoza,3,0,0,3,0,0
Hunt,11,Railroad Commissioner,,,Richard McKibbin,0,0,0,0,0,0
Hunt,11,"Justice, Supreme Court, Place 2",2,REP,Jimmy Blacklock,1040,9,772,259,0,0
Hunt,11,"Justice, Supreme Court, Place 2",2,DEM,DaSean Jones,102,4,72,26,0,0
Hunt,11,"Justice, Supreme Court, Place 4",4,REP,John Devine,1024,9,758,257,0,0
Hunt,11,"Justice, Supreme Court, Place 4",4,DEM,Christine Vinh Weems,107,4,77,26,0,0
Hunt,11,"Justice, Supreme Court, Place 6",6,REP,Jane Bland,1013,9,753,251,0,0
Hunt,11,"Justice, Supreme Court, Place 6",6,DEM,Bonnie Lee Goldstein,106,4,78,24,0,0
Hunt,11,"Justice, Supreme Court, Place 6",6,LIB,J. David Roberson,24,0,14,10,0,0
Hunt,11,"Presiding Judge, Court of Criminal Appeals",,REP,David J. Schenck,1032,9,765,258,0,0
Hunt,11,"Presiding Judge, Court of Criminal Appeals",,DEM,Holly Taylor,110,4,78,28,0,0
Hunt,11,"Judge, Court of Criminal Appeals, Place 7",7,REP,Gina Parker,1036,9,767,260,0,0
Hunt,11,"Judge, Court of Criminal Appeals, Place 7",7,DEM,Nancy Mulder,103,4,75,24,0,0
Hunt,11,"Judge, Court of Criminal Appeals, Place 8",8,REP,Lee Finley,1040,9,770,261,0,0
Hunt,11,"Judge, Court of Criminal Appeals, Place 8",8,DEM,Chika Anyiam,98,4,71,23,0,0
Hunt,11,State Representative,18,REP,Janis Holt,1019,10,757,252,0,0
Hunt,11,State Representative,18,LIB,Seth Steele,95,2,65,28,0,0
Hunt,11,"Justice, 9th Court of Appeals District, Place 3",3,REP,Leanne Johnson,1052,10,779,263,0,0
Hunt,11,"Justice, 9th Court of Appeals District, Place 4",4,REP,Kent Chambers,1042,10,772,260,0,0
Hunt,11,"District Judge, 88th Judicial District",,REP,Earl B. Stover III,1049,10,776,263,0,0
Hunt,11,"District Judge, 356th Judicial District",,REP,Steve Thomas,1048,10,779,259,0,0
Hunt,11,"District Attorney, 88th Judicial District",,REP,Rebecca R. Walton,1035,10,771,254,0,0
Hunt,11,County Attorney,,REP,Matthew Minick,1049,10,778,261,0,0
Hunt,11,Sheriff,,REP,Mark Davis,1059,11,786,262,0,0
Hunt,11,County Tax Assessor-Collector,,REP,Steve Smith,1046,10,776,260,0,0
Hunt,11,"Constable, Precinct 2",2,REP,Ben Hawthorne,1048,10,774,264,0,0
Hunt,11 - ESD8,Registered Voters,,,,3,,,,,
Hunt,11 - ESD8,Ballots Cast,,,,0,,,,,
Hunt,11 - ESD8,President,,REP,Donald J. Trump JD Vance,0,0,0,0,0,0
Hunt,11 - ESD8,President,,DEM,Kamala D. Harris Tim Walz,0,0,0,0,0,0
Hunt,11 - ESD8,President,,LIB,Chase Oliver Mike ter Maat,0,0,0,0,0,0
Hunt,11 - ESD8,President,,GRN,Jill Stein Rudolph Ware,0,0,0,0,0,0
Hunt,11 - ESD8,President,,,Cheruda Fox/Harlan McVay,0,0,0,0,0,0
Hunt,11 - ESD8,President,,,Claudia De La Cruz/Karina Garcia,0,0,0,0,0,0
Hunt,11 - ESD8,President,,,Cornel West/Melina Abdullah,0,0,0,0,0,0
Hunt,11 - ESD8,President,,,Jessie Cuellar/Wesley Lasley,0,0,0,0,0,0
Hunt,11 - ESD8,President,,,Peter Sonski/Lauren Onak,0,0,0,0,0,0
Hunt,11 - ESD8,President,,,Shiva Ayyadurai/Crystal Ellis,0,0,0,0,0,0
Hunt,11 - ESD8,U.S. Senate,,REP,Ted Cruz,0,0,0,0,0,0
Hunt,11 - ESD8,U.S. Senate,,DEM,Colin Allred,0,0,0,0,0,0
Hunt,11 - ESD8,U.S. Senate,,LIB,Ted Brown,0,0,0,0,0,0
Hunt,11 - ESD8,U.S. Senate,,,Analisa Roche,0,0,0,0,0,0
Hunt,11 - ESD8,U.S. Senate,,,Tracy Andrus,0,0,0,0,0,0
Hunt,11 - ESD8,U.S. House,36,REP,Brian Babin,0,0,0,0,0,0
Hunt,11 - ESD8,U.S. House,36,DEM,Dayna Steele,0,0,0,0,0,0
Hunt,11 - ESD8,Railroad Commissioner,,REP,Christi Craddick,0,0,0,0,0,0
Hunt,11 - ESD8,Railroad Commissioner,,DEM,Katherine Culbert,0,0,0,0,0,0
Hunt,11 - ESD8,Railroad Commissioner,,LIB,Hawk Dunlap,0,0,0,0,0,0
Hunt,11 - ESD8,Railroad Commissioner,,GRN,Eddie Espinoza,0,0,0,0,0,0
Hunt,11 - ESD8,Railroad Commissioner,,,Richard McKibbin,0,0,0,0,0,0
Hunt,11 - ESD8,"Justice, Supreme Court, Place 2",2,REP,Jimmy Blacklock,0,0,0,0,0,0
Hunt,11 - ESD8,"Justice, Supreme Court, Place 2",2,DEM,DaSean Jones,0,0,0,0,0,0
Hunt,11 - ESD8,"Justice, Supreme Court, Place 4",4,REP,John Devine,0,0,0,0,0,0
Hunt,11 - ESD8,"Justice, Supreme Court, Place 4",4,DEM,Christine Vinh Weems,0,0,0,0,0,0
Hunt,11 - ESD8,"Justice, Supreme Court, Place 6",6,REP,Jane Bland,0,0,0,0,0,0
Hunt,11 - ESD8,"Justice, Supreme Court, Place 6",6,DEM,Bonnie Lee Goldstein,0,0,0,0,0,0
Hunt,11 - ESD8,"Justice, Supreme Court, Place 6",6,LIB,J. David Roberson,0,0,0,0,0,0
Hunt,11 - ESD8,"Presiding Judge, Court of Criminal Appeals",,REP,David J. Schenck,0,0,0,0,0,0
Hunt,11 - ESD8,"Presiding Judge, Court of Criminal Appeals",,DEM,Holly Taylor,0,0,0,0,0,0
Hunt,11 - ESD8,"Judge, Court of Criminal Appeals, Place 7",7,REP,Gina Parker,0,0,0,0,0,0
Hunt,11 - ESD8,"Judge, Court of Criminal Appeals, Place 7",7,DEM,Nancy Mulder,0,0,0,0,0,0
Hunt,11 - ESD8,"Judge, Court of Criminal Appeals, Place 8",8,REP,Lee Finley,0,0,0,0,0,0
Hunt,11 - ESD8,"Judge, Court of Criminal Appeals, Place 8",8,DEM,Chika Anyiam,0,0,0,0,0,0
Hunt,11 - ESD8,State Representative,18,REP,Janis Holt,0,0,0,0,0,0
Hunt,11 - ESD8,State Representative,18,LIB,Seth Steele,0,0,0,0,0,0
Hunt,11 - ESD8,"Justice, 9th Court of Appeals District, Place 3",3,REP,Leanne Johnson,0,0,0,0,0,0
Hunt,11 - ESD8,"Justice, 9th Court of Appeals District, Place 4",4,REP,Kent Chambers,0,0,0,0,0,0
Hunt,11 - ESD8,"District Judge, 88th Judicial District",,REP,Earl B. Stover III,0,0,0,0,0,0
Hunt,11 - ESD8,"District Judge, 356th Judicial District",,REP,Steve Thomas,0,0,0,0,0,0
Hunt,11 - ESD8,"District Attorney, 88th Judicial District",,REP,Rebecca R. Walton,0,0,0,0,0,0
Hunt,11 - ESD8,County Attorney,,REP,Matthew Minick,0,0,0,0,0,0
Hunt,11 - ESD8,Sheriff,,REP,Mark Davis,0,0,0,0,0,0
Hunt,11 - ESD8,County Tax Assessor-Collector,,REP,Steve Smith,0,0,0,0,0,0
Hunt,11 - ESD8,"Constable, Precinct 2",2,REP,Ben Hawthorne,0,0,0,0,0,0
Hunt,11 - ESD8,VILLAGE MILLS EMERGENCY SERVICES DISTRICT NO. 8 PROPOSITION A,8,,FOR,0,0,0,0,0,0
Hunt,11 - ESD8,VILLAGE MILLS EMERGENCY SERVICES DISTRICT NO. 8 PROPOSITION A,8,,AGAINST,0,0,0,0,0,0
Hunt,12,Registered Voters,,,,1658,,,,,
Hunt,12,Ballots Cast,,,,1115,,,,,
Hunt,12,President,,REP,Donald J. Trump JD Vance,989,14,823,152,0,0
Hunt,12,President,,DEM,Kamala D. Harris Tim Walz,118,13,78,27,0,0
Hunt,12,President,,LIB,Chase Oliver Mike ter Maat,2,0,0,2,0,0
Hunt,12,President,,GRN,Jill Stein Rudolph Ware,0,0,0,0,0,0
Hunt,12,President,,,Cheruda Fox/Harlan McVay,0,0,0,0,0,0
Hunt,12,President,,,Claudia De La Cruz/Karina Garcia,0,0,0,0,0,0
Hunt,12,President,,,Cornel West/Melina Abdullah,0,0,0,0,0,0
Hunt,12,President,,,Jessie Cuellar/Wesley Lasley,0,0,0,0,0,0
Hunt,12,President,,,Peter Sonski/Lauren Onak,0,0,0,0,0,0
Hunt,12,President,,,Shiva Ayyadurai/Crystal Ellis,0,0,0,0,0,0
Hunt,12,U.S. Senate,,REP,Ted Cruz,945,14,792,139,0,0
Hunt,12,U.S. Senate,,DEM,Colin Allred,137,13,91,33,0,0
Hunt,12,U.S. Senate,,LIB,Ted Brown,24,1,14,9,0,0
Hunt,12,U.S. Senate,,,Analisa Roche,0,0,0,0,0,0
Hunt,12,U.S. Senate,,,Tracy Andrus,0,0,0,0,0,0
Hunt,12,U.S. House,36,REP,Brian Babin,987,15,820,152,0,0
Hunt,12,U.S. House,36,DEM,Dayna Steele,116,13,78,25,0,0
Hunt,12,Railroad Commissioner,,REP,Christi Craddick,925,15,776,134,0,0
Hunt,12,Railroad Commissioner,,DEM,Katherine Culbert,114,13,76,25,0,0
Hunt,12,Railroad Commissioner,,LIB,Hawk Dunlap,41,0,28,13,0,0
Hunt,12,Railroad Commissioner,,GRN,Eddie Espinoza,7,0,5,2,0,0
Hunt,12,Railroad Commissioner,,,Richard McKibbin,0,0,0,0,0,0
Hunt,12,"Justice, Supreme Court, Place 2",2,REP,Jimmy Blacklock,970,15,806,149,0,0
Hunt,12,"Justice, Supreme Court, Place 2",2,DEM,DaSean Jones,121,13,81,27,0,0
Hunt,12,"Justice, Supreme Court, Place 4",4,REP,John Devine,959,15,798,146,0,0
Hunt,12,"Justice, Supreme Court, Place 4",4,DEM,Christine Vinh Weems,122,12,82,28,0,0
Hunt,12,"Justice, Supreme Court, Place 6",6,REP,Jane Bland,941,15,784,142,0,0
Hunt,12,"Justice, Supreme Court, Place 6",6,DEM,Bonnie Lee Goldstein,119,13,80,26,0,0
Hunt,12,"Justice, Supreme Court, Place 6",6,LIB,J. David Roberson,30,0,22,8,0,0
Hunt,12,"Presiding Judge, Court of Criminal Appeals",,REP,David J. Schenck,959,15,798,146,0,0
Hunt,12,"Presiding Judge, Court of Criminal Appeals",,DEM,Holly Taylor,127,13,84,30,0,0
Hunt,12,"Judge, Court of Criminal Appeals, Place 7",7,REP,Gina Parker,966,15,802,149,0,0
Hunt,12,"Judge, Court of Criminal Appeals, Place 7",7,DEM,Nancy Mulder,118,13,79,26,0,0
Hunt,12,"Judge, Court of Criminal Appeals, Place 8",8,REP,Lee Finley,969,15,803,151,0,0
Hunt,12,"Judge, Court of Criminal Appeals, Place 8",8,DEM,Chika Anyiam,117,13,80,24,0,0
Hunt,12,State Representative,18,REP,Janis Holt,953,15,799,139,0,0
Hunt,12,State Representative,18,LIB,Seth Steele,104,8,68,28,0,0
Hunt,12,"Justice, 9th Court of Appeals District, Place 3",3,REP,Leanne Johnson,981,17,812,152,0,0
Hunt,12,"Justice, 9th Court of Appeals District, Place 4",4,REP,Kent Chambers,974,17,809,148,0,0
Hunt,12,"District Judge, 88th Judicial District",,REP,Earl B. Stover III,975,18,807,150,0,0
Hunt,12,"District Judge, 356th Judicial District",,REP,Steve Thomas,978,17,809,152,0,0
Hunt,12,"District Attorney, 88th Judicial District",,REP,Rebecca R. Walton,972,18,805,149,0,0
Hunt,12,County Attorney,,REP,Matthew Minick,965,17,802,146,0,0
Hunt,12,Sheriff,,REP,Mark Davis,968,18,804,146,0,0
Hunt,12,County Tax Assessor-Collector,,REP,Steve Smith,968,19,802,147,0,0
Hunt,12,"Constable, Precinct 3",3,REP,"Robert ""Trey"" Brothers",967,19,798,150,0,0
Hunt,13,Registered Voters,,,,3340,,,,,
Hunt,13,Ballots Cast,,,,2278,,,,,
Hunt,13,President,,REP,Donald J. Trump JD Vance,2037,44,1763,230,0,0
Hunt,13,President,,DEM,Kamala D. Harris Tim Walz,226,17,167,42,0,0
Hunt,13,President,,LIB,Chase Oliver Mike ter Maat,6,0,4,2,0,0
Hunt,13,President,,GRN,Jill Stein Rudolph Ware,0,0,0,0,0,0
Hunt,13,President,,,Cheruda Fox/Harlan McVay,0,0,0,0,0,0
Hunt,13,President,,,Claudia De La Cruz/Karina Garcia,0,0,0,0,0,0
Hunt,13,President,,,Cornel West/Melina Abdullah,0,0,0,0,0,0
Hunt,13,President,,,Jessie Cuellar/Wesley Lasley,0,0,0,0,0,0
Hunt,13,President,,,Peter Sonski/Lauren Onak,0,0,0,0,0,0
Hunt,13,President,,,Shiva Ayyadurai/Crystal Ellis,0,0,0,0,0,0
Hunt,13,U.S. Senate,,REP,Ted Cruz,1989,45,1728,216,0,0
Hunt,13,U.S. Senate,,DEM,Colin Allred,242,17,184,41,0,0
Hunt,13,U.S. Senate,,LIB,Ted Brown,37,0,19,18,0,0
Hunt,13,U.S. Senate,,,Analisa Roche,0,0,0,0,0,0
Hunt,13,U.S. Senate,,,Tracy Andrus,0,0,0,0,0,0
Hunt,13,U.S. House,36,REP,Brian Babin,2053,45,1768,240,0,0
Hunt,13,U.S. House,36,DEM,Dayna Steele,201,17,150,34,0,0
Hunt,13,Railroad Commissioner,,REP,Christi Craddick,1978,44,1718,216,0,0
Hunt,13,Railroad Commissioner,,DEM,Katherine Culbert,190,16,139,35,0,0
Hunt,13,Railroad Commissioner,,LIB,Hawk Dunlap,53,1,36,16,0,0
Hunt,13,Railroad Commissioner,,GRN,Eddie Espinoza,14,0,9,5,0,0
Hunt,13,Railroad Commissioner,,,Richard McKibbin,0,0,0,0,0,0
Hunt,13,"Justice, Supreme Court, Place 2",2,REP,Jimmy Blacklock,2041,45,1764,232,0,0
Hunt,13,"Justice, Supreme Court, Place 2",2,DEM,DaSean Jones,196,16,142,38,0,0
Hunt,13,"Justice, Supreme Court, Place 4",4,REP,John Devine,2013,44,1739,230,0,0
Hunt,13,"Justice, Supreme Court, Place 4",4,DEM,Christine Vinh Weems,216,17,156,43,0,0
Hunt,13,"Justice, Supreme Court, Place 6",6,REP,Jane Bland,1998,44,1729,225,0,0
Hunt,13,"Justice, Supreme Court, Place 6",6,DEM,Bonnie Lee Goldstein,197,16,148,33,0,0
Hunt,13,"Justice, Supreme Court, Place 6",6,LIB,J. David Roberson,48,1,32,15,0,0
Hunt,13,"Presiding Judge, Court of Criminal Appeals",,REP,David J. Schenck,2023,44,1749,230,0,0
Hunt,13,"Presiding Judge, Court of Criminal Appeals",,DEM,Holly Taylor,218,17,158,43,0,0
Hunt,13,"Judge, Court of Criminal Appeals, Place 7",7,REP,Gina Parker,2022,43,1746,233,0,0
Hunt,13,"Judge, Court of Criminal Appeals, Place 7",7,DEM,Nancy Mulder,209,18,154,37,0,0
Hunt,13,"Judge, Court of Criminal Appeals, Place 8",8,REP,Lee Finley,2040,45,1760,235,0,0
Hunt,13,"Judge, Court of Criminal Appeals, Place 8",8,DEM,Chika Anyiam,196,16,143,37,0,0
Hunt,13,State Representative,18,REP,Janis Holt,1989,45,1729,215,0,0
Hunt,13,State Representative,18,LIB,Seth Steele,210,9,148,53,0,0
Hunt,13,"Justice, 9th Court of Appeals District, Place 3",3,REP,Leanne Johnson,2069,45,1768,256,0,0
Hunt,13,"Justice, 9th Court of Appeals District, Place 4",4,REP,Kent Chambers,2050,45,1748,257,0,0
Hunt,13,"District Judge, 88th Judicial District",,REP,Earl B. Stover III,2048,49,1745,254,0,0
Hunt,13,"District Judge, 356th Judicial District",,REP,Steve Thomas,2061,45,1760,256,0,0
Hunt,13,"District Attorney, 88th Judicial District",,REP,Rebecca R. Walton,2029,42,1730,257,0,0
Hunt,13,County Attorney,,REP,Matthew Minick,2060,45,1756,259,0,0
Hunt,13,Sheriff,,REP,Mark Davis,2067,48,1759,260,0,0
Hunt,13,County Tax Assessor-Collector,,REP,Steve Smith,2059,46,1755,258,0,0
Hunt,13,"Constable, Precinct 5",5,REP,Danny Sullins,2059,48,1752,259,0,0
Hunt,14,Registered Voters,,,,1478,,,,,
Hunt,14,Ballots Cast,,,,1075,,,,,
Hunt,14,President,,REP,Donald J. Trump JD Vance,967,10,721,236,0,0
Hunt,14,President,,DEM,Kamala D. Harris Tim Walz,102,3,63,36,0,0
Hunt,14,President,,LIB,Chase Oliver Mike ter Maat,1,0,1,0,0,0
Hunt,14,President,,GRN,Jill Stein Rudolph Ware,2,0,1,1,0,0
Hunt,14,President,,,Cheruda Fox/Harlan McVay,0,0,0,0,0,0
Hunt,14,President,,,Claudia De La Cruz/Karina Garcia,0,0,0,0,0,0
Hunt,14,President,,,Cornel West/Melina Abdullah,0,0,0,0,0,0
Hunt,14,President,,,Jessie Cuellar/Wesley Lasley,0,0,0,0,0,0
Hunt,14,President,,,Peter Sonski/Lauren Onak,0,0,0,0,0,0
Hunt,14,President,,,Shiva Ayyadurai/Crystal Ellis,0,0,0,0,0,0
Hunt,14,U.S. Senate,,REP,Ted Cruz,934,10,697,227,0,0
Hunt,14,U.S. Senate,,DEM,Colin Allred,119,3,77,39,0,0
Hunt,14,U.S. Senate,,LIB,Ted Brown,17,0,9,8,0,0
Hunt,14,U.S. Senate,,,Analisa Roche,0,0,0,0,0,0
Hunt,14,U.S. Senate,,,Tracy Andrus,0,0,0,0,0,0
Hunt,14,U.S. House,36,REP,Brian Babin,977,10,728,239,0,0
Hunt,14,U.S. House,36,DEM,Dayna Steele,90,2,55,33,0,0
Hunt,14,Railroad Commissioner,,REP,Christi Craddick,925,9,693,223,0,0
Hunt,14,Railroad Commissioner,,DEM,Katherine Culbert,84,1,49,34,0,0
Hunt,14,Railroad Commissioner,,LIB,Hawk Dunlap,36,2,22,12,0,0
Hunt,14,Railroad Commissioner,,GRN,Eddie Espinoza,7,0,6,1,0,0
Hunt,14,Railroad Commissioner,,,Richard McKibbin,0,0,0,0,0,0
Hunt,14,"Justice, Supreme Court, Place 2",2,REP,Jimmy Blacklock,960,9,716,235,0,0
Hunt,14,"Justice, Supreme Court, Place 2",2,DEM,DaSean Jones,99,3,60,36,0,0
Hunt,14,"Justice, Supreme Court, Place 4",4,REP,John Devine,948,9,708,231,0,0
Hunt,14,"Justice, Supreme Court, Place 4",4,DEM,Christine Vinh Weems,103,3,64,36,0,0
Hunt,14,"Justice, Supreme Court, Place 6",6,REP,Jane Bland,943,8,706,229,0,0
Hunt,14,"Justice, Supreme Court, Place 6",6,DEM,Bonnie Lee Goldstein,88,1,57,30,0,0
Hunt,14,"Justice, Supreme Court, Place 6",6,LIB,J. David Roberson,22,3,9,10,0,0
Hunt,14,"Presiding Judge, Court of Criminal Appeals",,REP,David J. Schenck,960,10,714,236,0,0
Hunt,14,"Presiding Judge, Court of Criminal Appeals",,DEM,Holly Taylor,92,2,58,32,0,0
Hunt,14,"Judge, Court of Criminal Appeals, Place 7",7,REP,Gina Parker,956,9,712,235,0,0
Hunt,14,"Judge, Court of Criminal Appeals, Place 7",7,DEM,Nancy Mulder,93,3,59,31,0,0
Hunt,14,"Judge, Court of Criminal Appeals, Place 8",8,REP,Lee Finley,962,9,712,241,0,0
Hunt,14,"Judge, Court of Criminal Appeals, Place 8",8,DEM,Chika Anyiam,93,3,61,29,0,0
Hunt,14,State Representative,18,REP,Janis Holt,953,10,712,231,0,0
Hunt,14,State Representative,18,LIB,Seth Steele,83,1,49,33,0,0
Hunt,14,"Justice, 9th Court of Appeals District, Place 3",3,REP,Leanne Johnson,939,9,704,226,0,0
Hunt,14,"Justice, 9th Court of Appeals District, Place 4",4,REP,Kent Chambers,927,9,697,221,0,0
Hunt,14,"District Judge, 88th Judicial District",,REP,Earl B. Stover III,924,9,688,227,0,0
Hunt,14,"District Judge, 356th Judicial District",,REP,Steve Thomas,942,9,708,225,0,0
Hunt,14,"District Attorney, 88th Judicial District",,REP,Rebecca R. Walton,922,9,691,222,0,0
Hunt,14,County Attorney,,REP,Matthew Minick,943,9,709,225,0,0
Hunt,14,Sheriff,,REP,Mark Davis,936,10,701,225,0,0
Hunt,14,County Tax Assessor-Collector,,REP,Steve Smith,935,9,705,221,0,0
Hunt,14,"County Commissioner, Precinct 3",3,REP,Amanda Young,949,10,716,223,0,0
Hunt,14,"Constable, Precinct 4",4,REP,Cory Jeffcoat,930,9,700,221,0,0
Hunt,15,Registered Voters,,,,2413,,,,,
Hunt,15,Ballots Cast,,,,1622,,,,,
Hunt,15,President,,REP,Donald J. Trump JD Vance,1449,13,1179,257,0,0
Hunt,15,President,,DEM,Kamala D. Harris Tim Walz,160,3,114,43,0,0
Hunt,15,President,,LIB,Chase Oliver Mike ter Maat,7,0,3,4,0,0
Hunt,15,President,,GRN,Jill Stein Rudolph Ware,4,0,4,0,0,0
Hunt,15,President,,,Cheruda Fox/Harlan McVay,0,0,0,0,0,0
Hunt,15,President,,,Claudia De La Cruz/Karina Garcia,0,0,0,0,0,0
Hunt,15,President,,,Cornel West/Melina Abdullah,0,0,0,0,0,0
Hunt,15,President,,,Jessie Cuellar/Wesley Lasley,0,0,0,0,0,0
Hunt,15,President,,,Peter Sonski/Lauren Onak,0,0,0,0,0,0
Hunt,15,President,,,Shiva Ayyadurai/Crystal Ellis,0,0,0,0,0,0
Hunt,15,U.S. Senate,,REP,Ted Cruz,1389,13,1139,237,0,0
Hunt,15,U.S. Senate,,DEM,Colin Allred,183,3,132,48,0,0
Hunt,15,U.S. Senate,,LIB,Ted Brown,35,0,20,15,0,0
Hunt,15,U.S. Senate,,,Analisa Roche,0,0,0,0,0,0
Hunt,15,U.S. Senate,,,Tracy Andrus,0,0,0,0,0,0
Hunt,15,U.S. House,36,REP,Brian Babin,1441,13,1171,257,0,0
Hunt,15,U.S. House,36,DEM,Dayna Steele,157,3,113,41,0,0
Hunt,15,Railroad Commissioner,,REP,Christi Craddick,1369,12,1118,239,0,0
Hunt,15,Railroad Commissioner,,DEM,Katherine Culbert,151,3,110,38,0,0
Hunt,15,Railroad Commissioner,,LIB,Hawk Dunlap,48,1,31,16,0,0
Hunt,15,Railroad Commissioner,,GRN,Eddie Espinoza,16,0,13,3,0,0
Hunt,15,Railroad Commissioner,,,Richard McKibbin,0,0,0,0,0,0
Hunt,15,"Justice, Supreme Court, Place 2",2,REP,Jimmy Blacklock,1419,13,1158,248,0,0
Hunt,15,"Justice, Supreme Court, Place 2",2,DEM,DaSean Jones,161,3,111,47,0,0
Hunt,15,"Justice, Supreme Court, Place 4",4,REP,John Devine,1407,13,1147,247,0,0
Hunt,15,"Justice, Supreme Court, Place 4",4,DEM,Christine Vinh Weems,167,3,116,48,0,0
Hunt,15,"Justice, Supreme Court, Place 6",6,REP,Jane Bland,1368,13,1117,238,0,0
Hunt,15,"Justice, Supreme Court, Place 6",6,DEM,Bonnie Lee Goldstein,153,3,111,39,0,0
Hunt,15,"Justice, Supreme Court, Place 6",6,LIB,J. David Roberson,62,0,46,16,0,0
Hunt,15,"Presiding Judge, Court of Criminal Appeals",,REP,David J. Schenck,1410,13,1151,246,0,0
Hunt,15,"Presiding Judge, Court of Criminal Appeals",,DEM,Holly Taylor,167,3,117,47,0,0
Hunt,15,"Judge, Court of Criminal Appeals, Place 7",7,REP,Gina Parker,1410,13,1149,248,0,0
Hunt,15,"Judge, Court of Criminal Appeals, Place 7",7,DEM,Nancy Mulder,166,3,117,46,0,0
Hunt,15,"Judge, Court of Criminal Appeals, Place 8",8,REP,Lee Finley,1423,13,1164,246,0,0
Hunt,15,"Judge, Court of Criminal Appeals, Place 8",8,DEM,Chika Anyiam,152,3,104,45,0,0
Hunt,15,State Representative,18,REP,Janis Holt,1399,15,1138,246,0,0
Hunt,15,State Representative,18,LIB,Seth Steele,152,0,108,44,0,0
Hunt,15,"Justice, 9th Court of Appeals District, Place 3",3,REP,Leanne Johnson,1445,14,1164,267,0,0
Hunt,15,"Justice, 9th Court of Appeals District, Place 4",4,REP,Kent Chambers,1436,14,1157,265,0,0
Hunt,15,"District Judge, 88th Judicial District",,REP,Earl B. Stover III,1441,14,1159,268,0,0
Hunt,15,"District Judge, 356th Judicial District",,REP,Steve Thomas,1448,14,1166,268,0,0
Hunt,15,"District Attorney, 88th Judicial District",,REP,Rebecca R. Walton,1436,14,1158,264,0,0
Hunt,15,County Attorney,,REP,Matthew Minick,1443,14,1161,268,0,0
Hunt,15,Sheriff,,REP,Mark Davis,1447,14,1166,267,0,0
Hunt,15,County Tax Assessor-Collector,,REP,Steve Smith,1440,14,1157,269,0,0
Hunt,15,"County Commissioner, Precinct 3",3,REP,Amanda Young,1442,14,1162,266,0,0
Hunt,15,"Constable, Precinct 4",4,REP,Cory Jeffcoat,1450,14,1167,269,0,0
Hunt,15 - WHCCISD,Registered Voters,,,,45,,,,,
Hunt,15 - WHCCISD,Ballots Cast,,,,26,,,,,
Hunt,15 - WHCCISD,President,,REP,Donald J. Trump JD Vance,25,0,23,2,0,0
Hunt,15 - WHCCISD,President,,DEM,Kamala D. Harris Tim Walz,1,0,0,1,0,0
Hunt,15 - WHCCISD,President,,LIB,Chase Oliver Mike ter Maat,0,0,0,0,0,0
Hunt,15 - WHCCISD,President,,GRN,Jill Stein Rudolph Ware,0,0,0,0,0,0
Hunt,15 - WHCCISD,President,,,Cheruda Fox/Harlan McVay,0,0,0,0,0,0
Hunt,15 - WHCCISD,President,,,Claudia De La Cruz/Karina Garcia,0,0,0,0,0,0
Hunt,15 - WHCCISD,President,,,Cornel West/Melina Abdullah,0,0,0,0,0,0
Hunt,15 - WHCCISD,President,,,Jessie Cuellar/Wesley Lasley,0,0,0,0,0,0
Hunt,15 - WHCCISD,President,,,Peter Sonski/Lauren Onak,0,0,0,0,0,0
Hunt,15 - WHCCISD,President,,,Shiva Ayyadurai/Crystal Ellis,0,0,0,0,0,0
Hunt,15 - WHCCISD,U.S. Senate,,REP,Ted Cruz,25,0,23,2,0,0
Hunt,15 - WHCCISD,U.S. Senate,,DEM,Colin Allred,1,0,0,1,0,0
Hunt,15 - WHCCISD,U.S. Senate,,LIB,Ted Brown,0,0,0,0,0,0
Hunt,15 - WHCCISD,U.S. Senate,,,Analisa Roche,0,0,0,0,0,0
Hunt,15 - WHCCISD,U.S. Senate,,,Tracy Andrus,0,0,0,0,0,0
Hunt,15 - WHCCISD,U.S. House,36,REP,Brian Babin,24,0,22,2,0,0
Hunt,15 - WHCCISD,U.S. House,36,DEM,Dayna Steele,1,0,0,1,0,0
Hunt,15 - WHCCISD,Railroad Commissioner,,REP,Christi Craddick,25,0,22,3,0,0
Hunt,15 - WHCCISD,Railroad Commissioner,,DEM,Katherine Culbert,0,0,0,0,0,0
Hunt,15 - WHCCISD,Railroad Commissioner,,LIB,Hawk Dunlap,0,0,0,0,0,0
Hunt,15 - WHCCISD,Railroad Commissioner,,GRN,Eddie Espinoza,0,0,0,0,0,0
Hunt,15 - WHCCISD,Railroad Commissioner,,,Richard McKibbin,0,0,0,0,0,0
Hunt,15 - WHCCISD,"Justice, Supreme Court, Place 2",2,REP,Jimmy Blacklock,24,0,22,2,0,0
Hunt,15 - WHCCISD,"Justice, Supreme Court, Place 2",2,DEM,DaSean Jones,1,0,0,1,0,0
Hunt,15 - WHCCISD,"Justice, Supreme Court, Place 4",4,REP,John Devine,24,0,22,2,0,0
Hunt,15 - WHCCISD,"Justice, Supreme Court, Place 4",4,DEM,Christine Vinh Weems,1,0,0,1,0,0
Hunt,15 - WHCCISD,"Justice, Supreme Court, Place 6",6,REP,Jane Bland,24,0,22,2,0,0
Hunt,15 - WHCCISD,"Justice, Supreme Court, Place 6",6,DEM,Bonnie Lee Goldstein,1,0,0,1,0,0
Hunt,15 - WHCCISD,"Justice, Supreme Court, Place 6",6,LIB,J. David Roberson,0,0,0,0,0,0
Hunt,15 - WHCCISD,"Presiding Judge, Court of Criminal Appeals",,REP,David J. Schenck,25,0,22,3,0,0
Hunt,15 - WHCCISD,"Presiding Judge, Court of Criminal Appeals",,DEM,Holly Taylor,0,0,0,0,0,0
Hunt,15 - WHCCISD,"Judge, Court of Criminal Appeals, Place 7",7,REP,Gina Parker,25,0,22,3,0,0
Hunt,15 - WHCCISD,"Judge, Court of Criminal Appeals, Place 7",7,DEM,Nancy Mulder,0,0,0,0,0,0
Hunt,15 - WHCCISD,"Judge, Court of Criminal Appeals, Place 8",8,REP,Lee Finley,25,0,22,3,0,0
Hunt,15 - WHCCISD,"Judge, Court of Criminal Appeals, Place 8",8,DEM,Chika Anyiam,0,0,0,0,0,0
Hunt,15 - WHCCISD,State Representative,18,REP,Janis Holt,25,0,22,3,0,0
Hunt,15 - WHCCISD,State Representative,18,LIB,Seth Steele,0,0,0,0,0,0
Hunt,15 - WHCCISD,"Justice, 9th Court of Appeals District, Place 3",3,REP,Leanne Johnson,24,0,22,2,0,0
Hunt,15 - WHCCISD,"Justice, 9th Court of Appeals District, Place 4",4,REP,Kent Chambers,24,0,22,2,0,0
Hunt,15 - WHCCISD,"District Judge, 88th Judicial District",,REP,Earl B. Stover III,24,0,22,2,0,0
Hunt,15 - WHCCISD,"District Judge, 356th Judicial District",,REP,Steve Thomas,24,0,22,2,0,0
Hunt,15 - WHCCISD,"District Attorney, 88th Judicial District",,REP,Rebecca R. Walton,24,0,22,2,0,0
Hunt,15 - WHCCISD,County Attorney,,REP,Matthew Minick,22,0,21,1,0,0
Hunt,15 - WHCCISD,Sheriff,,REP,Mark Davis,24,0,22,2,0,0
Hunt,15 - WHCCISD,County Tax Assessor-Collector,,REP,Steve Smith,23,0,22,1,0,0
Hunt,15 - WHCCISD,"County Commissioner, Precinct 3",3,REP,Amanda Young,24,0,22,2,0,0
Hunt,15 - WHCCISD,"Constable, Precinct 4",4,REP,Cory Jeffcoat,24,0,22,2,0,0
Hunt,15 - WHCCISD,"Constable, Precinct 4",4,,West Hardin County Consolidated Independent School District School Board Position 1 - Vote for none or one,0,0,0,0,0,0
Hunt,15 - WHCCISD,"Constable, Precinct 4",4,,Morgan Smith,17,0,15,2,0,0
Hunt,15 - WHCCISD,"Constable, Precinct 4",4,,Jacob Cotten,3,0,2,1,0,0
Hunt,15 - WHCCISD,"Constable, Precinct 4",4,,West Hardin County Consolidated Independent School District School Board Position 2 - Vote for none or one,0,0,0,0,0,0
Hunt,15 - WHCCISD,"Constable, Precinct 4",4,,Heather Pilgreen Swindull,12,0,11,1,0,0
Hunt,15 - WHCCISD,"Constable, Precinct 4",4,,Michael Campbell,8,0,6,2,0,0
Hunt,15 - WHCCISD,"Constable, Precinct 4",4,,West Hardin County Consolidated Independent School District School Board Position 3 - Vote for none or one,0,0,0,0,0,0
Hunt,15 - WHCCISD,"Constable, Precinct 4",4,,Bobby Joe Love,9,0,8,1,0,0
Hunt,15 - WHCCISD,"Constable, Precinct 4",4,,Joel Alpers,6,0,5,1,0,0
Hunt,15 - WHCCISD,"Constable, Precinct 4",4,,Bryan Wilson,5,0,4,1,0,0
Hunt,16,Registered Voters,,,,2838,,,,,
Hunt,16,Ballots Cast,,,,1786,,,,,
Hunt,16,President,,REP,Donald J. Trump JD Vance,1596,21,1276,299,0,0
Hunt,16,President,,DEM,Kamala D. Harris Tim Walz,178,10,132,36,0,0
Hunt,16,President,,LIB,Chase Oliver Mike ter Maat,4,0,3,1,0,0
Hunt,16,President,,GRN,Jill Stein Rudolph Ware,5,0,5,0,0,0
Hunt,16,President,,,Cheruda Fox/Harlan McVay,0,0,0,0,0,0
Hunt,16,President,,,Claudia De La Cruz/Karina Garcia,0,0,0,0,0,0
Hunt,16,President,,,Cornel West/Melina Abdullah,0,0,0,0,0,0
Hunt,16,President,,,Jessie Cuellar/Wesley Lasley,0,0,0,0,0,0
Hunt,16,President,,,Peter Sonski/Lauren Onak,0,0,0,0,0,0
Hunt,16,President,,,Shiva Ayyadurai/Crystal Ellis,0,0,0,0,0,0
Hunt,16,U.S. Senate,,REP,Ted Cruz,1558,21,1255,282,0,0
Hunt,16,U.S. Senate,,DEM,Colin Allred,202,10,146,46,0,0
Hunt,16,U.S. Senate,,LIB,Ted Brown,19,0,10,9,0,0
Hunt,16,U.S. Senate,,,Analisa Roche,0,0,0,0,0,0
Hunt,16,U.S. Senate,,,Tracy Andrus,0,0,0,0,0,0
Hunt,16,U.S. House,36,REP,Brian Babin,1599,22,1278,299,0,0
Hunt,16,U.S. House,36,DEM,Dayna Steele,163,8,119,36,0,0
Hunt,16,Railroad Commissioner,,REP,Christi Craddick,1549,21,1241,287,0,0
Hunt,16,Railroad Commissioner,,DEM,Katherine Culbert,155,9,116,30,0,0
Hunt,16,Railroad Commissioner,,LIB,Hawk Dunlap,38,0,25,13,0,0
Hunt,16,Railroad Commissioner,,GRN,Eddie Espinoza,11,0,7,4,0,0
Hunt,16,Railroad Commissioner,,,Richard McKibbin,0,0,0,0,0,0
Hunt,16,"Justice, Supreme Court, Place 2",2,REP,Jimmy Blacklock,1579,20,1263,296,0,0
Hunt,16,"Justice, Supreme Court, Place 2",2,DEM,DaSean Jones,169,9,125,35,0,0
Hunt,16,"Justice, Supreme Court, Place 4",4,REP,John Devine,1545,19,1239,287,0,0
Hunt,16,"Justice, Supreme Court, Place 4",4,DEM,Christine Vinh Weems,186,10,134,42,0,0
Hunt,16,"Justice, Supreme Court, Place 6",6,REP,Jane Bland,1545,21,1239,285,0,0
Hunt,16,"Justice, Supreme Court, Place 6",6,DEM,Bonnie Lee Goldstein,162,9,121,32,0,0
Hunt,16,"Justice, Supreme Court, Place 6",6,LIB,J. David Roberson,33,0,19,14,0,0
Hunt,16,"Presiding Judge, Court of Criminal Appeals",,REP,David J. Schenck,1570,21,1257,292,0,0
Hunt,16,"Presiding Judge, Court of Criminal Appeals",,DEM,Holly Taylor,174,9,125,40,0,0
Hunt,16,"Judge, Court of Criminal Appeals, Place 7",7,REP,Gina Parker,1572,21,1253,298,0,0
Hunt,16,"Judge, Court of Criminal Appeals, Place 7",7,DEM,Nancy Mulder,167,9,125,33,0,0
Hunt,16,"Judge, Court of Criminal Appeals, Place 8",8,REP,Lee Finley,1578,21,1258,299,0,0
Hunt,16,"Judge, Court of Criminal Appeals, Place 8",8,DEM,Chika Anyiam,160,8,120,32,0,0
Hunt,16,State Representative,18,REP,Janis Holt,1551,22,1245,284,0,0
Hunt,16,State Representative,18,LIB,Seth Steele,171,5,122,44,0,0
Hunt,16,"Justice, 9th Court of Appeals District, Place 3",3,REP,Leanne Johnson,1620,23,1293,304,0,0
Hunt,16,"Justice, 9th Court of Appeals District, Place 4",4,REP,Kent Chambers,1605,21,1279,305,0,0
Hunt,16,"District Judge, 88th Judicial District",,REP,Earl B. Stover III,1607,23,1281,303,0,0
Hunt,16,"District Judge, 356th Judicial District",,REP,Steve Thomas,1614,23,1287,304,0,0
Hunt,16,"District Attorney, 88th Judicial District",,REP,Rebecca R. Walton,1602,21,1281,300,0,0
Hunt,16,County Attorney,,REP,Matthew Minick,1615,23,1290,302,0,0
Hunt,16,Sheriff,,REP,Mark Davis,1620,23,1292,305,0,0
Hunt,16,County Tax Assessor-Collector,,REP,Steve Smith,1615,23,1291,301,0,0
Hunt,16,"Constable, Precinct 5",5,REP,Danny Sullins,1620,24,1294,302,0,0
Hunt,17,Registered Voters,,,,1385,,,,,
Hunt,17,Ballots Cast,,,,1034,,,,,
Hunt,17,President,,REP,Donald J. Trump JD Vance,959,13,742,204,0,0
Hunt,17,President,,DEM,Kamala D. Harris Tim Walz,71,5,52,14,0,0
Hunt,17,President,,LIB,Chase Oliver Mike ter Maat,0,0,0,0,0,0
Hunt,17,President,,GRN,Jill Stein Rudolph Ware,0,0,0,0,0,0
Hunt,17,President,,,Cheruda Fox/Harlan McVay,0,0,0,0,0,0
Hunt,17,President,,,Claudia De La Cruz/Karina Garcia,0,0,0,0,0,0
Hunt,17,President,,,Cornel West/Melina Abdullah,0,0,0,0,0,0
Hunt,17,President,,,Jessie Cuellar/Wesley Lasley,0,0,0,0,0,0
Hunt,17,President,,,Peter Sonski/Lauren Onak,0,0,0,0,0,0
Hunt,17,President,,,Shiva Ayyadurai/Crystal Ellis,0,0,0,0,0,0
Hunt,17,U.S. Senate,,REP,Ted Cruz,938,13,724,201,0,0
Hunt,17,U.S. Senate,,DEM,Colin Allred,77,5,58,14,0,0
Hunt,17,U.S. Senate,,LIB,Ted Brown,13,0,10,3,0,0
Hunt,17,U.S. Senate,,,Analisa Roche,0,0,0,0,0,0
Hunt,17,U.S. Senate,,,Tracy Andrus,0,0,0,0,0,0
Hunt,17,U.S. House,36,REP,Brian Babin,961,15,743,203,0,0
Hunt,17,U.S. House,36,DEM,Dayna Steele,64,3,49,12,0,0
Hunt,17,Railroad Commissioner,,REP,Christi Craddick,923,13,715,195,0,0
Hunt,17,Railroad Commissioner,,DEM,Katherine Culbert,61,2,48,11,0,0
Hunt,17,Railroad Commissioner,,LIB,Hawk Dunlap,25,0,17,8,0,0
Hunt,17,Railroad Commissioner,,GRN,Eddie Espinoza,3,0,3,0,0,0
Hunt,17,Railroad Commissioner,,,Richard McKibbin,0,0,0,0,0,0
Hunt,17,"Justice, Supreme Court, Place 2",2,REP,Jimmy Blacklock,947,13,731,203,0,0
Hunt,17,"Justice, Supreme Court, Place 2",2,DEM,DaSean Jones,64,2,49,13,0,0
Hunt,17,"Justice, Supreme Court, Place 4",4,REP,John Devine,933,13,722,198,0,0
Hunt,17,"Justice, Supreme Court, Place 4",4,DEM,Christine Vinh Weems,71,2,55,14,0,0
Hunt,17,"Justice, Supreme Court, Place 6",6,REP,Jane Bland,928,13,716,199,0,0
Hunt,17,"Justice, Supreme Court, Place 6",6,DEM,Bonnie Lee Goldstein,64,2,50,12,0,0
Hunt,17,"Justice, Supreme Court, Place 6",6,LIB,J. David Roberson,18,0,14,4,0,0
Hunt,17,"Presiding Judge, Court of Criminal Appeals",,REP,David J. Schenck,938,13,722,203,0,0
Hunt,17,"Presiding Judge, Court of Criminal Appeals",,DEM,Holly Taylor,70,2,56,12,0,0
Hunt,17,"Judge, Court of Criminal Appeals, Place 7",7,REP,Gina Parker,945,13,727,205,0,0
Hunt,17,"Judge, Court of Criminal Appeals, Place 7",7,DEM,Nancy Mulder,63,2,52,9,0,0
Hunt,17,"Judge, Court of Criminal Appeals, Place 8",8,REP,Lee Finley,948,13,731,204,0,0
Hunt,17,"Judge, Court of Criminal Appeals, Place 8",8,DEM,Chika Anyiam,62,2,49,11,0,0
Hunt,17,State Representative,18,REP,Janis Holt,932,15,721,196,0,0
Hunt,17,State Representative,18,LIB,Seth Steele,63,0,53,10,0,0
Hunt,17,"Justice, 9th Court of Appeals District, Place 3",3,REP,Leanne Johnson,939,12,735,192,0,0
Hunt,17,"Justice, 9th Court of Appeals District, Place 4",4,REP,Kent Chambers,935,12,733,190,0,0
Hunt,17,"District Judge, 88th Judicial District",,REP,Earl B. Stover III,928,11,726,191,0,0
Hunt,17,"District Judge, 356th Judicial District",,REP,Steve Thomas,949,12,744,193,0,0
Hunt,17,"District Attorney, 88th Judicial District",,REP,Rebecca R. Walton,930,11,735,184,0,0
Hunt,17,County Attorney,,REP,Matthew Minick,938,12,737,189,0,0
Hunt,17,Sheriff,,REP,Mark Davis,933,11,730,192,0,0
Hunt,17,County Tax Assessor-Collector,,REP,Steve Smith,928,11,730,187,0,0
Hunt,17,"County Commissioner, Precinct 3",3,REP,Amanda Young,936,11,735,190,0,0
Hunt,17,"Constable, Precinct 4",4,REP,Cory Jeffcoat,932,11,732,189,0,0
Hunt,17 - LMUD,Ballots Cast,,,,0,,,,,
Hunt,17 - LMUD,President,,REP,Donald J. Trump JD Vance,0,0,0,0,0,0
Hunt,17 - LMUD,President,,DEM,Kamala D. Harris Tim Walz,0,0,0,0,0,0
Hunt,17 - LMUD,President,,LIB,Chase Oliver Mike ter Maat,0,0,0,0,0,0
Hunt,17 - LMUD,President,,GRN,Jill Stein Rudolph Ware,0,0,0,0,0,0
Hunt,17 - LMUD,President,,,Cheruda Fox/Harlan McVay,0,0,0,0,0,0
Hunt,17 - LMUD,President,,,Claudia De La Cruz/Karina Garcia,0,0,0,0,0,0
Hunt,17 - LMUD,President,,,Cornel West/Melina Abdullah,0,0,0,0,0,0
Hunt,17 - LMUD,President,,,Jessie Cuellar/Wesley Lasley,0,0,0,0,0,0
Hunt,17 - LMUD,President,,,Peter Sonski/Lauren Onak,0,0,0,0,0,0
Hunt,17 - LMUD,President,,,Shiva Ayyadurai/Crystal Ellis,0,0,0,0,0,0
Hunt,17 - LMUD,U.S. Senate,,REP,Ted Cruz,0,0,0,0,0,0
Hunt,17 - LMUD,U.S. Senate,,DEM,Colin Allred,0,0,0,0,0,0
Hunt,17 - LMUD,U.S. Senate,,LIB,Ted Brown,0,0,0,0,0,0
Hunt,17 - LMUD,U.S. Senate,,,Analisa Roche,0,0,0,0,0,0
Hunt,17 - LMUD,U.S. Senate,,,Tracy Andrus,0,0,0,0,0,0
Hunt,17 - LMUD,U.S. House,36,REP,Brian Babin,0,0,0,0,0,0
Hunt,17 - LMUD,U.S. House,36,DEM,Dayna Steele,0,0,0,0,0,0
Hunt,17 - LMUD,Railroad Commissioner,,REP,Christi Craddick,0,0,0,0,0,0
Hunt,17 - LMUD,Railroad Commissioner,,DEM,Katherine Culbert,0,0,0,0,0,0
Hunt,17 - LMUD,Railroad Commissioner,,LIB,Hawk Dunlap,0,0,0,0,0,0
Hunt,17 - LMUD,Railroad Commissioner,,GRN,Eddie Espinoza,0,0,0,0,0,0
Hunt,17 - LMUD,Railroad Commissioner,,,Richard McKibbin,0,0,0,0,0,0
Hunt,17 - LMUD,"Justice, Supreme Court, Place 2",2,REP,Jimmy Blacklock,0,0,0,0,0,0
Hunt,17 - LMUD,"Justice, Supreme Court, Place 2",2,DEM,DaSean Jones,0,0,0,0,0,0
Hunt,17 - LMUD,"Justice, Supreme Court, Place 4",4,REP,John Devine,0,0,0,0,0,0
Hunt,17 - LMUD,"Justice, Supreme Court, Place 4",4,DEM,Christine Vinh Weems,0,0,0,0,0,0
Hunt,17 - LMUD,"Justice, Supreme Court, Place 6",6,REP,Jane Bland,0,0,0,0,0,0
Hunt,17 - LMUD,"Justice, Supreme Court, Place 6",6,DEM,Bonnie Lee Goldstein,0,0,0,0,0,0
Hunt,17 - LMUD,"Justice, Supreme Court, Place 6",6,LIB,J. David Roberson,0,0,0,0,0,0
Hunt,17 - LMUD,"Presiding Judge, Court of Criminal Appeals",,REP,David J. Schenck,0,0,0,0,0,0
Hunt,17 - LMUD,"Presiding Judge, Court of Criminal Appeals",,DEM,Holly Taylor,0,0,0,0,0,0
Hunt,17 - LMUD,"Judge, Court of Criminal Appeals, Place 7",7,REP,Gina Parker,0,0,0,0,0,0
Hunt,17 - LMUD,"Judge, Court of Criminal Appeals, Place 7",7,DEM,Nancy Mulder,0,0,0,0,0,0
Hunt,17 - LMUD,"Judge, Court of Criminal Appeals, Place 8",8,REP,Lee Finley,0,0,0,0,0,0
Hunt,17 - LMUD,"Judge, Court of Criminal Appeals, Place 8",8,DEM,Chika Anyiam,0,0,0,0,0,0
Hunt,17 - LMUD,State Representative,18,REP,Janis Holt,0,0,0,0,0,0
Hunt,17 - LMUD,State Representative,18,LIB,Seth Steele,0,0,0,0,0,0
Hunt,17 - LMUD,"Justice, 9th Court of Appeals District, Place 3",3,REP,Leanne Johnson,0,0,0,0,0,0
Hunt,17 - LMUD,"Justice, 9th Court of Appeals District, Place 4",4,REP,Kent Chambers,0,0,0,0,0,0
Hunt,17 - LMUD,"District Judge, 88th Judicial District",,REP,Earl B. Stover III,0,0,0,0,0,0
Hunt,17 - LMUD,"District Judge, 356th Judicial District",,REP,Steve Thomas,0,0,0,0,0,0
Hunt,17 - LMUD,"District Attorney, 88th Judicial District",,REP,Rebecca R. Walton,0,0,0,0,0,0
Hunt,17 - LMUD,County Attorney,,REP,Matthew Minick,0,0,0,0,0,0
Hunt,17 - LMUD,Sheriff,,REP,Mark Davis,0,0,0,0,0,0
Hunt,17 - LMUD,County Tax Assessor-Collector,,REP,Steve Smith,0,0,0,0,0,0
Hunt,17 - LMUD,"County Commissioner, Precinct 3",3,REP,Amanda Young,0,0,0,0,0,0
Hunt,17 - LMUD,"Constable, Precinct 4",4,REP,Cory Jeffcoat,0,0,0,0,0,0
Hunt,17 - LMUD,LUMBERTON MUNICIPAL UTILITY DISTRICT PROPOSITION A,,,FOR,0,0,0,0,0,0
Hunt,17 - LMUD,LUMBERTON MUNICIPAL UTILITY DISTRICT PROPOSITION A,,,AGAINST,0,0,0,0,0,0
Hunt,17 - LMUD,LUMBERTON MUNICIPAL UTILITY DISTRICT PROPOSITION B,,,FOR,0,0,0,0,0,0
Hunt,17 - LMUD,LUMBERTON MUNICIPAL UTILITY DISTRICT PROPOSITION B,,,AGAINST,0,0,0,0,0,0
Hunt,18,Registered Voters,,,,4987,,,,,
Hunt,18,Ballots Cast,,,,3459,,,,,
Hunt,18,President,,REP,Donald J. Trump JD Vance,3053,71,2591,391,0,0
Hunt,18,President,,DEM,Kamala D. Harris Tim Walz,366,24,276,66,0,0
Hunt,18,President,,LIB,Chase Oliver Mike ter Maat,23,0,17,6,0,0
Hunt,18,President,,GRN,Jill Stein Rudolph Ware,4,0,1,3,0,0
Hunt,18,President,,,Cheruda Fox/Harlan McVay,0,0,0,0,0,0
Hunt,18,President,,,Claudia De La Cruz/Karina Garcia,0,0,0,0,0,0
Hunt,18,President,,,Cornel West/Melina Abdullah,0,0,0,0,0,0
Hunt,18,President,,,Jessie Cuellar/Wesley Lasley,0,0,0,0,0,0
Hunt,18,President,,,Peter Sonski/Lauren Onak,0,0,0,0,0,0
Hunt,18,President,,,Shiva Ayyadurai/Crystal Ellis,0,0,0,0,0,0
Hunt,18,U.S. Senate,,REP,Ted Cruz,3001,73,2551,377,0,0
Hunt,18,U.S. Senate,,DEM,Colin Allred,379,22,283,74,0,0
Hunt,18,U.S. Senate,,LIB,Ted Brown,62,1,44,17,0,0
Hunt,18,U.S. Senate,,,Analisa Roche,0,0,0,0,0,0
Hunt,18,U.S. Senate,,,Tracy Andrus,0,0,0,0,0,0
Hunt,18,U.S. House,36,REP,Brian Babin,3098,71,2627,400,0,0
Hunt,18,U.S. House,36,DEM,Dayna Steele,333,23,248,62,0,0
Hunt,18,Railroad Commissioner,,REP,Christi Craddick,2974,70,2531,373,0,0
Hunt,18,Railroad Commissioner,,DEM,Katherine Culbert,307,18,239,50,0,0
Hunt,18,Railroad Commissioner,,LIB,Hawk Dunlap,91,1,61,29,0,0
Hunt,18,Railroad Commissioner,,GRN,Eddie Espinoza,14,0,10,4,0,0
Hunt,18,Railroad Commissioner,,,Richard McKibbin,0,0,0,0,0,0
Hunt,18,"Justice, Supreme Court, Place 2",2,REP,Jimmy Blacklock,3070,70,2602,398,0,0
Hunt,18,"Justice, Supreme Court, Place 2",2,DEM,DaSean Jones,321,19,241,61,0,0
Hunt,18,"Justice, Supreme Court, Place 4",4,REP,John Devine,3030,69,2574,387,0,0
Hunt,18,"Justice, Supreme Court, Place 4",4,DEM,Christine Vinh Weems,355,20,265,70,0,0
Hunt,18,"Justice, Supreme Court, Place 6",6,REP,Jane Bland,2991,69,2545,377,0,0
Hunt,18,"Justice, Supreme Court, Place 6",6,DEM,Bonnie Lee Goldstein,321,20,241,60,0,0
Hunt,18,"Justice, Supreme Court, Place 6",6,LIB,J. David Roberson,86,0,63,23,0,0
Hunt,18,"Presiding Judge, Court of Criminal Appeals",,REP,David J. Schenck,3053,70,2591,392,0,0
Hunt,18,"Presiding Judge, Court of Criminal Appeals",,DEM,Holly Taylor,344,19,257,68,0,0
Hunt,18,"Judge, Court of Criminal Appeals, Place 7",7,REP,Gina Parker,3061,69,2600,392,0,0
Hunt,18,"Judge, Court of Criminal Appeals, Place 7",7,DEM,Nancy Mulder,327,20,244,63,0,0
Hunt,18,"Judge, Court of Criminal Appeals, Place 8",8,REP,Lee Finley,3081,71,2607,403,0,0
Hunt,18,"Judge, Court of Criminal Appeals, Place 8",8,DEM,Chika Anyiam,309,19,235,55,0,0
Hunt,18,State Representative,18,REP,Janis Holt,3002,70,2547,385,0,0
Hunt,18,State Representative,18,LIB,Seth Steele,316,11,239,66,0,0
Hunt,18,"Justice, 9th Court of Appeals District, Place 3",3,REP,Leanne Johnson,3086,75,2603,408,0,0
Hunt,18,"Justice, 9th Court of Appeals District, Place 4",4,REP,Kent Chambers,3068,75,2580,413,0,0
Hunt,18,"District Judge, 88th Judicial District",,REP,Earl B. Stover III,3053,78,2568,407,0,0
Hunt,18,"District Judge, 356th Judicial District",,REP,Steve Thomas,3075,79,2590,406,0,0
Hunt,18,"District Attorney, 88th Judicial District",,REP,Rebecca R. Walton,3054,76,2573,405,0,0
Hunt,18,County Attorney,,REP,Matthew Minick,3077,75,2592,410,0,0
Hunt,18,Sheriff,,REP,Mark Davis,3094,77,2611,406,0,0
Hunt,18,County Tax Assessor-Collector,,REP,Steve Smith,3072,75,2591,406,0,0
Hunt,18,"Constable, Precinct 5",5,REP,Danny Sullins,3106,81,2615,410,0,0
Hunt,19,Registered Voters,,,,1870,,,,,
Hunt,19,Ballots Cast,,,,1347,,,,,
Hunt,19,President,,REP,Donald J. Trump JD Vance,1210,18,903,289,0,0
Hunt,19,President,,DEM,Kamala D. Harris Tim Walz,129,9,86,34,0,0
Hunt,19,President,,LIB,Chase Oliver Mike ter Maat,6,0,3,3,0,0
Hunt,19,President,,GRN,Jill Stein Rudolph Ware,0,0,0,0,0,0
Hunt,19,President,,,Cheruda Fox/Harlan McVay,0,0,0,0,0,0
Hunt,19,President,,,Claudia De La Cruz/Karina Garcia,0,0,0,0,0,0
Hunt,19,President,,,Cornel West/Melina Abdullah,0,0,0,0,0,0
Hunt,19,President,,,Jessie Cuellar/Wesley Lasley,0,0,0,0,0,0
Hunt,19,President,,,Peter Sonski/Lauren Onak,0,0,0,0,0,0
Hunt,19,President,,,Shiva Ayyadurai/Crystal Ellis,0,0,0,0,0,0
Hunt,19,U.S. Senate,,REP,Ted Cruz,1178,18,891,269,0,0
Hunt,19,U.S. Senate,,DEM,Colin Allred,137,7,89,41,0,0
Hunt,19,U.S. Senate,,LIB,Ted Brown,20,1,7,12,0,0
Hunt,19,U.S. Senate,,,Analisa Roche,0,0,0,0,0,0
Hunt,19,U.S. Senate,,,Tracy Andrus,0,0,0,0,0,0
Hunt,19,U.S. House,36,REP,Brian Babin,1212,18,910,284,0,0
Hunt,19,U.S. House,36,DEM,Dayna Steele,119,9,76,34,0,0
Hunt,19,Railroad Commissioner,,REP,Christi Craddick,1169,17,883,269,0,0
Hunt,19,Railroad Commissioner,,DEM,Katherine Culbert,105,8,71,26,0,0
Hunt,19,Railroad Commissioner,,LIB,Hawk Dunlap,39,0,21,18,0,0
Hunt,19,Railroad Commissioner,,GRN,Eddie Espinoza,7,0,4,3,0,0
Hunt,19,Railroad Commissioner,,,Richard McKibbin,0,0,0,0,0,0
Hunt,19,"Justice, Supreme Court, Place 2",2,REP,Jimmy Blacklock,1199,17,898,284,0,0
Hunt,19,"Justice, Supreme Court, Place 2",2,DEM,DaSean Jones,117,9,79,29,0,0
Hunt,19,"Justice, Supreme Court, Place 4",4,REP,John Devine,1183,17,888,278,0,0
Hunt,19,"Justice, Supreme Court, Place 4",4,DEM,Christine Vinh Weems,128,9,84,35,0,0
Hunt,19,"Justice, Supreme Court, Place 6",6,REP,Jane Bland,1173,17,885,271,0,0
Hunt,19,"Justice, Supreme Court, Place 6",6,DEM,Bonnie Lee Goldstein,115,9,78,28,0,0
Hunt,19,"Justice, Supreme Court, Place 6",6,LIB,J. David Roberson,31,0,14,17,0,0
Hunt,19,"Presiding Judge, Court of Criminal Appeals",,REP,David J. Schenck,1199,18,899,282,0,0
Hunt,19,"Presiding Judge, Court of Criminal Appeals",,DEM,Holly Taylor,118,8,78,32,0,0
Hunt,19,"Judge, Court of Criminal Appeals, Place 7",7,REP,Gina Parker,1198,17,900,281,0,0
Hunt,19,"Judge, Court of Criminal Appeals, Place 7",7,DEM,Nancy Mulder,117,9,75,33,0,0
Hunt,19,"Judge, Court of Criminal Appeals, Place 8",8,REP,Lee Finley,1205,19,901,285,0,0
Hunt,19,"Judge, Court of Criminal Appeals, Place 8",8,DEM,Chika Anyiam,110,7,74,29,0,0
Hunt,19,State Representative,18,REP,Janis Holt,1196,21,900,275,0,0
Hunt,19,State Representative,18,LIB,Seth Steele,102,3,61,38,0,0
Hunt,19,"Justice, 9th Court of Appeals District, Place 3",3,REP,Leanne Johnson,1216,19,909,288,0,0
Hunt,19,"Justice, 9th Court of Appeals District, Place 4",4,REP,Kent Chambers,1208,17,903,288,0,0
Hunt,19,"District Judge, 88th Judicial District",,REP,Earl B. Stover III,1213,18,908,287,0,0
Hunt,19,"District Judge, 356th Judicial District",,REP,Steve Thomas,1214,17,910,287,0,0
Hunt,19,"District Attorney, 88th Judicial District",,REP,Rebecca R. Walton,1209,18,902,289,0,0
Hunt,19,County Attorney,,REP,Matthew Minick,1207,17,905,285,0,0
Hunt,19,Sheriff,,REP,Mark Davis,1217,17,914,286,0,0
Hunt,19,County Tax Assessor-Collector,,REP,Steve Smith,1211,17,905,289,0,0
Hunt,19,"County Commissioner, Precinct 3",3,REP,Amanda Young,1207,17,899,291,0,0
Hunt,19,"Constable, Precinct 5",5,REP,Danny Sullins,1215,17,910,288,0,0
Hunt,19 - LMUD,Registered Voters,,,,1,,,,,
Hunt,19 - LMUD,Ballots Cast,,,,2,,,,,
Hunt,19 - LMUD,President,,REP,Donald J. Trump JD Vance,2,0,2,0,0,0
Hunt,19 - LMUD,President,,DEM,Kamala D. Harris Tim Walz,0,0,0,0,0,0
Hunt,19 - LMUD,President,,LIB,Chase Oliver Mike ter Maat,0,0,0,0,0,0
Hunt,19 - LMUD,President,,GRN,Jill Stein Rudolph Ware,0,0,0,0,0,0
Hunt,19 - LMUD,President,,,Cheruda Fox/Harlan McVay,0,0,0,0,0,0
Hunt,19 - LMUD,President,,,Claudia De La Cruz/Karina Garcia,0,0,0,0,0,0
Hunt,19 - LMUD,President,,,Cornel West/Melina Abdullah,0,0,0,0,0,0
Hunt,19 - LMUD,President,,,Jessie Cuellar/Wesley Lasley,0,0,0,0,0,0
Hunt,19 - LMUD,President,,,Peter Sonski/Lauren Onak,0,0,0,0,0,0
Hunt,19 - LMUD,President,,,Shiva Ayyadurai/Crystal Ellis,0,0,0,0,0,0
Hunt,19 - LMUD,U.S. Senate,,REP,Ted Cruz,2,0,2,0,0,0
Hunt,19 - LMUD,U.S. Senate,,DEM,Colin Allred,0,0,0,0,0,0
Hunt,19 - LMUD,U.S. Senate,,LIB,Ted Brown,0,0,0,0,0,0
Hunt,19 - LMUD,U.S. Senate,,,Analisa Roche,0,0,0,0,0,0
Hunt,19 - LMUD,U.S. Senate,,,Tracy Andrus,0,0,0,0,0,0
Hunt,19 - LMUD,U.S. House,36,REP,Brian Babin,2,0,2,0,0,0
Hunt,19 - LMUD,U.S. House,36,DEM,Dayna Steele,0,0,0,0,0,0
Hunt,19 - LMUD,Railroad Commissioner,,REP,Christi Craddick,2,0,2,0,0,0
Hunt,19 - LMUD,Railroad Commissioner,,DEM,Katherine Culbert,0,0,0,0,0,0
Hunt,19 - LMUD,Railroad Commissioner,,LIB,Hawk Dunlap,0,0,0,0,0,0
Hunt,19 - LMUD,Railroad Commissioner,,GRN,Eddie Espinoza,0,0,0,0,0,0
Hunt,19 - LMUD,Railroad Commissioner,,,Richard McKibbin,0,0,0,0,0,0
Hunt,19 - LMUD,"Justice, Supreme Court, Place 2",2,REP,Jimmy Blacklock,2,0,2,0,0,0
Hunt,19 - LMUD,"Justice, Supreme Court, Place 2",2,DEM,DaSean Jones,0,0,0,0,0,0
Hunt,19 - LMUD,"Justice, Supreme Court, Place 4",4,REP,John Devine,2,0,2,0,0,0
Hunt,19 - LMUD,"Justice, Supreme Court, Place 4",4,DEM,Christine Vinh Weems,0,0,0,0,0,0
Hunt,19 - LMUD,"Justice, Supreme Court, Place 6",6,REP,Jane Bland,2,0,2,0,0,0
Hunt,19 - LMUD,"Justice, Supreme Court, Place 6",6,DEM,Bonnie Lee Goldstein,0,0,0,0,0,0
Hunt,19 - LMUD,"Justice, Supreme Court, Place 6",6,LIB,J. David Roberson,0,0,0,0,0,0
Hunt,19 - LMUD,"Presiding Judge, Court of Criminal Appeals",,REP,David J. Schenck,2,0,2,0,0,0
Hunt,19 - LMUD,"Presiding Judge, Court of Criminal Appeals",,DEM,Holly Taylor,0,0,0,0,0,0
Hunt,19 - LMUD,"Judge, Court of Criminal Appeals, Place 7",7,REP,Gina Parker,2,0,2,0,0,0
Hunt,19 - LMUD,"Judge, Court of Criminal Appeals, Place 7",7,DEM,Nancy Mulder,0,0,0,0,0,0
Hunt,19 - LMUD,"Judge, Court of Criminal Appeals, Place 8",8,REP,Lee Finley,2,0,2,0,0,0
Hunt,19 - LMUD,"Judge, Court of Criminal Appeals, Place 8",8,DEM,Chika Anyiam,0,0,0,0,0,0
Hunt,19 - LMUD,State Representative,18,REP,Janis Holt,2,0,2,0,0,0
Hunt,19 - LMUD,State Representative,18,LIB,Seth Steele,0,0,0,0,0,0
Hunt,19 - LMUD,"Justice, 9th Court of Appeals District, Place 3",3,REP,Leanne Johnson,2,0,2,0,0,0
Hunt,19 - LMUD,"Justice, 9th Court of Appeals District, Place 4",4,REP,Kent Chambers,2,0,2,0,0,0
Hunt,19 - LMUD,"District Judge, 88th Judicial District",,REP,Earl B. Stover III,2,0,2,0,0,0
Hunt,19 - LMUD,"District Judge, 356th Judicial District",,REP,Steve Thomas,2,0,2,0,0,0
Hunt,19 - LMUD,"District Attorney, 88th Judicial District",,REP,Rebecca R. Walton,2,0,2,0,0,0
Hunt,19 - LMUD,County Attorney,,REP,Matthew Minick,2,0,2,0,0,0
Hunt,19 - LMUD,Sheriff,,REP,Mark Davis,2,0,2,0,0,0
Hunt,19 - LMUD,County Tax Assessor-Collector,,REP,Steve Smith,2,0,2,0,0,0
Hunt,19 - LMUD,"County Commissioner, Precinct 3",3,REP,Amanda Young,2,0,2,0,0,0
Hunt,19 - LMUD,"Constable, Precinct 5",5,REP,Danny Sullins,2,0,2,0,0,0
Hunt,19 - LMUD,LUMBERTON MUNICIPAL UTILITY DISTRICT PROPOSITION A,,,FOR,1,0,1,0,0,0
Hunt,19 - LMUD,LUMBERTON MUNICIPAL UTILITY DISTRICT PROPOSITION A,,,AGAINST,0,0,0,0,0,0
Hunt,19 - LMUD,LUMBERTON MUNICIPAL UTILITY DISTRICT PROPOSITION B,,,FOR,1,0,1,0,0,0
Hunt,19 - LMUD,LUMBERTON MUNICIPAL UTILITY DISTRICT PROPOSITION B,,,AGAINST,0,0,0,0,0,0
